
> client@0.1.0 start
> PORT=3003 react-scripts start

(node:11651) [DEP_WEBPACK_DEV_SERVER_ON_AFTER_SETUP_MIDDLEWARE] DeprecationWarning: 'onAfterSetupMiddleware' option is deprecated. Please use the 'setupMiddlewares' option.
(Use `node --trace-deprecation ...` to show where the warning was created)
(node:11651) [DEP_WEBPACK_DEV_SERVER_ON_BEFORE_SETUP_MIDDLEWARE] DeprecationWarning: 'onBeforeSetupMiddleware' option is deprecated. Please use the 'setupMiddlewares' option.
Starting the development server...

Compiled with warnings.

[eslint] 
src/components/DeckBrowser.tsx
  Line 12:3:  'Play' is defined but never used    @typescript-eslint/no-unused-vars
  Line 13:3:  'Edit' is defined but never used    @typescript-eslint/no-unused-vars
  Line 14:3:  'Trash2' is defined but never used  @typescript-eslint/no-unused-vars

src/components/FileSystemPathManager.tsx
  Line 177:9:  'handleDeletePath' is assigned a value but never used  @typescript-eslint/no-unused-vars
  Line 188:9:  'handlePathSelect' is assigned a value but never used  @typescript-eslint/no-unused-vars

src/components/FlashcardPlayer.tsx
  Line 2:29:   'CardHeader' is defined but never used                      @typescript-eslint/no-unused-vars
  Line 2:41:   'CardTitle' is defined but never used                       @typescript-eslint/no-unused-vars
  Line 7:3:    'RotateCcw' is defined but never used                       @typescript-eslint/no-unused-vars
  Line 10:3:   'Star' is defined but never used                            @typescript-eslint/no-unused-vars
  Line 11:3:   'Play' is defined but never used                            @typescript-eslint/no-unused-vars
  Line 13:3:   'BarChart3' is defined but never used                       @typescript-eslint/no-unused-vars
  Line 14:3:   'Clock' is defined but never used                           @typescript-eslint/no-unused-vars
  Line 66:10:  'reviewQuality' is assigned a value but never used          @typescript-eslint/no-unused-vars
  Line 67:10:  'isReviewing' is assigned a value but never used            @typescript-eslint/no-unused-vars
  Line 95:9:   'isFirstCard' is assigned a value but never used            @typescript-eslint/no-unused-vars
  Line 149:9:  'flipCard' is assigned a value but never used               @typescript-eslint/no-unused-vars
  Line 153:9:  'handleQualitySelect' is assigned a value but never used    @typescript-eslint/no-unused-vars
  Line 185:9:  'resetSession' is assigned a value but never used           @typescript-eslint/no-unused-vars
  Line 197:9:  'getProgressPercentage' is assigned a value but never used  @typescript-eslint/no-unused-vars
  Line 202:9:  'getLevelColor' is assigned a value but never used          @typescript-eslint/no-unused-vars
  Line 214:9:  'getLevelText' is assigned a value but never used           @typescript-eslint/no-unused-vars

src/components/FolderAssignmentSelector.tsx
  Line 10:3:   'ListItem' is defined but never used                                                                                     @typescript-eslint/no-unused-vars
  Line 11:3:   'ListItemText' is defined but never used                                                                                 @typescript-eslint/no-unused-vars
  Line 12:3:   'ListItemIcon' is defined but never used                                                                                 @typescript-eslint/no-unused-vars
  Line 16:3:   'Divider' is defined but never used                                                                                      @typescript-eslint/no-unused-vars
  Line 24:18:  'FileIcon' is defined but never used                                                                                     @typescript-eslint/no-unused-vars
  Line 26:13:  'RemoveIcon' is defined but never used                                                                                   @typescript-eslint/no-unused-vars
  Line 80:6:   React Hook useEffect has a missing dependency: 'fetchAssignedFolders'. Either include it or remove the dependency array  react-hooks/exhaustive-deps

src/components/GradesModal.tsx
  Line 21:3:   'Card' is defined but never used                                                                                                                   @typescript-eslint/no-unused-vars
  Line 22:3:   'CardContent' is defined but never used                                                                                                            @typescript-eslint/no-unused-vars
  Line 132:6:  React Hook useCallback has missing dependencies: 'loadExistingGrades' and 'parseSchemaString'. Either include them or remove the dependency array  react-hooks/exhaustive-deps
  Line 436:9:  'formatGrade' is assigned a value but never used                                                                                                   @typescript-eslint/no-unused-vars
  Line 445:9:  'convertGermanGradeTextToNumber' is assigned a value but never used                                                                                @typescript-eslint/no-unused-vars
  Line 607:9:  'collectAllGrades' is assigned a value but never used                                                                                              @typescript-eslint/no-unused-vars

src/components/GradingSchemaManager.tsx
  Line 54:6:  React Hook useEffect has a missing dependency: 'fetchSchemas'. Either include it or remove the dependency array  react-hooks/exhaustive-deps

src/components/LessonContentDialog.tsx
  Line 326:6:  React Hook useEffect has missing dependencies: 'fetchLessonMaterials' and 'fetchLessonQuiz'. Either include them or remove the dependency array  react-hooks/exhaustive-deps

src/components/MaterialCreator.tsx
  Line 26:3:   'FormHelperText' is defined but never used                                                                           @typescript-eslint/no-unused-vars
  Line 37:13:  'FolderIcon' is defined but never used                                                                               @typescript-eslint/no-unused-vars
  Line 41:16:  'PlayIcon' is defined but never used                                                                                 @typescript-eslint/no-unused-vars
  Line 59:11:  'FileInfo' is defined but never used                                                                                 @typescript-eslint/no-unused-vars
  Line 159:9:  'handleMaterialDialogOpen' is assigned a value but never used                                                        @typescript-eslint/no-unused-vars
  Line 246:6:  React Hook useEffect has a missing dependency: 'loadGradeSchemas'. Either include it or remove the dependency array  react-hooks/exhaustive-deps
  Line 293:9:  'handleQuizDialogOpen' is assigned a value but never used                                                            @typescript-eslint/no-unused-vars
  Line 582:9:  'queryClient' is assigned a value but never used                                                                     @typescript-eslint/no-unused-vars

src/components/ProgressTracker.tsx
  Line 1:27:  'useEffect' is defined but never used    @typescript-eslint/no-unused-vars
  Line 7:3:   'Calendar' is defined but never used     @typescript-eslint/no-unused-vars
  Line 10:3:  'CheckCircle' is defined but never used  @typescript-eslint/no-unused-vars
  Line 11:3:  'XCircle' is defined but never used      @typescript-eslint/no-unused-vars

src/components/QuizAssignmentDialog.tsx
  Line 58:6:  React Hook useEffect has a missing dependency: 'fetchAvailableQuizzes'. Either include it or remove the dependency array  react-hooks/exhaustive-deps

src/components/QuizParticipationPlayer.tsx
  Line 123:6:   React Hook useEffect has missing dependencies: 'loadQuizData' and 'loadResults'. Either include them or remove the dependency array  react-hooks/exhaustive-deps
  Line 211:15:  'basePercentage' is assigned a value but never used                                                                                  @typescript-eslint/no-unused-vars
  Line 288:6:   React Hook useEffect has a missing dependency: 'finishQuiz'. Either include it or remove the dependency array                        react-hooks/exhaustive-deps

src/components/QuizPlayer.tsx
  Line 101:6:   React Hook useEffect has a missing dependency: 'finishQuiz'. Either include it or remove the dependency array  react-hooks/exhaustive-deps
  Line 154:11:  'baseScore' is assigned a value but never used                                                                 @typescript-eslint/no-unused-vars

src/components/QuizSessionManager.tsx
  Line 24:13:   'CancelIcon' is defined but never used                                                                                      @typescript-eslint/no-unused-vars
  Line 101:10:  'sessions' is assigned a value but never used                                                                               @typescript-eslint/no-unused-vars
  Line 101:20:  'setSessions' is assigned a value but never used                                                                            @typescript-eslint/no-unused-vars
  Line 158:6:   React Hook useEffect has a missing dependency: 'fetchQuizData'. Either include it or remove the dependency array            react-hooks/exhaustive-deps
  Line 165:6:   React Hook useEffect has a missing dependency: 'fetchLastSessionResults'. Either include it or remove the dependency array  react-hooks/exhaustive-deps
  Line 172:6:   React Hook useEffect has a missing dependency: 'fetchActiveSession'. Either include it or remove the dependency array       react-hooks/exhaustive-deps
  Line 297:15:  'results' is assigned a value but never used                                                                                @typescript-eslint/no-unused-vars
  Line 324:15:  'stats' is assigned a value but never used                                                                                  @typescript-eslint/no-unused-vars

src/components/QuizStartButton.tsx
  Line 27:10:  'quizTitle' is assigned a value but never used                                                                 @typescript-eslint/no-unused-vars
  Line 155:6:  React Hook useEffect has a missing dependency: 'quizStatus'. Either include it or remove the dependency array  react-hooks/exhaustive-deps
  Line 291:9:  'getButtonVariant' is assigned a value but never used                                                          @typescript-eslint/no-unused-vars
  Line 300:9:  'getButtonColor' is assigned a value but never used                                                            @typescript-eslint/no-unused-vars

src/components/QuizStatisticsModal.tsx
  Line 14:3:   'Divider' is defined but never used           @typescript-eslint/no-unused-vars
  Line 18:17:  'TrendingUpIcon' is defined but never used    @typescript-eslint/no-unused-vars
  Line 19:19:  'TrendingDownIcon' is defined but never used  @typescript-eslint/no-unused-vars
  Line 20:18:  'CheckIcon' is defined but never used         @typescript-eslint/no-unused-vars
  Line 21:13:  'CancelIcon' is defined but never used        @typescript-eslint/no-unused-vars

src/components/StudentDashboard.tsx
  Line 16:13:   'SchoolIcon' is defined but never used                                                                                                                           @typescript-eslint/no-unused-vars
  Line 141:10:  'expandedAssignedFolders' is assigned a value but never used                                                                                                     @typescript-eslint/no-unused-vars
  Line 340:9:   'toggleAssignedFolderExpanded' is assigned a value but never used                                                                                                @typescript-eslint/no-unused-vars
  Line 1769:6:  React Hook useEffect has missing dependencies: 'fetchAllContent', 'fetchAssignedFolders', and 'fetchGrades'. Either include them or remove the dependency array  react-hooks/exhaustive-deps

src/components/SubjectManager.tsx
  Line 2:35:    'Card' is defined but never used                                                                                                                 @typescript-eslint/no-unused-vars
  Line 2:41:    'CardContent' is defined but never used                                                                                                          @typescript-eslint/no-unused-vars
  Line 3:17:    'AddIcon' is defined but never used                                                                                                              @typescript-eslint/no-unused-vars
  Line 3:34:    'EditIcon' is defined but never used                                                                                                             @typescript-eslint/no-unused-vars
  Line 3:54:    'DeleteIcon' is defined but never used                                                                                                           @typescript-eslint/no-unused-vars
  Line 3:77:    'StorageIcon' is defined but never used                                                                                                          @typescript-eslint/no-unused-vars
  Line 3:172:   'CloseIcon' is defined but never used                                                                                                            @typescript-eslint/no-unused-vars
  Line 886:6:   React Hook useEffect has missing dependencies: 'fetchLessonMaterials' and 'fetchLessonQuiz'. Either include them or remove the dependency array  react-hooks/exhaustive-deps
  Line 1122:9:  'colors' is assigned a value but never used                                                                                                      @typescript-eslint/no-unused-vars
  Line 1202:6:  React Hook useEffect has a missing dependency: 'fetchSubjects'. Either include it or remove the dependency array                                 react-hooks/exhaustive-deps
  Line 1211:6:  React Hook useEffect has missing dependencies: 'blocks' and 'fetchBlocks'. Either include them or remove the dependency array                    react-hooks/exhaustive-deps
  Line 1220:6:  React Hook useEffect has missing dependencies: 'fetchUnits' and 'units'. Either include them or remove the dependency array                      react-hooks/exhaustive-deps
  Line 1229:6:  React Hook useEffect has missing dependencies: 'fetchTopics' and 'topics'. Either include them or remove the dependency array                    react-hooks/exhaustive-deps
  Line 1238:6:  React Hook useEffect has missing dependencies: 'fetchLessons' and 'lessons'. Either include them or remove the dependency array                  react-hooks/exhaustive-deps
  Line 1613:9:  'refreshAllData' is assigned a value but never used                                                                                              @typescript-eslint/no-unused-vars

src/components/TeacherDashboard.tsx
  Line 1:46:    'useMemo' is defined but never used                                                                                                                                                                                                                                   @typescript-eslint/no-unused-vars
  Line 50:14:   'RefreshIcon' is defined but never used                                                                                                                                                                                                                               @typescript-eslint/no-unused-vars
  Line 53:3:    'Edit' is defined but never used                                                                                                                                                                                                                                      @typescript-eslint/no-unused-vars
  Line 57:3:    'Public' is defined but never used                                                                                                                                                                                                                                    @typescript-eslint/no-unused-vars
  Line 58:3:    'Lock' is defined but never used                                                                                                                                                                                                                                      @typescript-eslint/no-unused-vars
  Line 224:6:   React Hook useEffect has an unnecessary dependency: 'materialCreatorRef.current'. Either exclude it or remove the dependency array. Mutable values like 'materialCreatorRef.current' aren't valid dependencies because mutating them doesn't re-render the component  react-hooks/exhaustive-deps
  Line 308:10:  'expandedAssignedFolders' is assigned a value but never used                                                                                                                                                                                                          @typescript-eslint/no-unused-vars
  Line 331:6:   React Hook useEffect has a missing dependency: 'fetchGroups'. Either include it or remove the dependency array                                                                                                                                                        react-hooks/exhaustive-deps
  Line 547:6:   React Hook useEffect has a missing dependency: 'fetchFlashcardDecks'. Either include it or remove the dependency array                                                                                                                                                react-hooks/exhaustive-deps
  Line 554:6:   React Hook useEffect has missing dependencies: 'fetchFlashcardAssignments' and 'flashcardDecks'. Either include them or remove the dependency array                                                                                                                   react-hooks/exhaustive-deps
  Line 559:6:   React Hook useEffect has a missing dependency: 'fetchGroups'. Either include it or remove the dependency array                                                                                                                                                        react-hooks/exhaustive-deps
  Line 566:6:   React Hook useEffect has a missing dependency: 'fetchFlashcardAssignments'. Either include it or remove the dependency array                                                                                                                                          react-hooks/exhaustive-deps
  Line 647:6:   React Hook useEffect has a missing dependency: 'ensureMiniGrades'. Either include it or remove the dependency array                                                                                                                                                   react-hooks/exhaustive-deps
  Line 753:9:   'toggleAssignedFolderExpanded' is assigned a value but never used                                                                                                                                                                                                     @typescript-eslint/no-unused-vars
  Line 1913:9:  'handleGroupClick' is assigned a value but never used                                                                                                                                                                                                                 @typescript-eslint/no-unused-vars
  Line 2091:9:  'groupLeavesBySecondLevel' is assigned a value but never used                                                                                                                                                                                                         @typescript-eslint/no-unused-vars
  Line 2096:9:  'shouldHideRoot' is assigned a value but never used                                                                                                                                                                                                                   @typescript-eslint/no-unused-vars
  Line 2102:9:  'sortNodesByPriority' is assigned a value but never used                                                                                                                                                                                                              @typescript-eslint/no-unused-vars
  Line 2216:9:  'handleStudentMenuOpen' is assigned a value but never used                                                                                                                                                                                                            @typescript-eslint/no-unused-vars
  Line 2266:9:  'testMaterialCreatorRef' is assigned a value but never used                                                                                                                                                                                                           @typescript-eslint/no-unused-vars
  Line 2514:6:  React Hook useEffect has a missing dependency: 'checkAllQuizStatuses'. Either include it or remove the dependency array                                                                                                                                               react-hooks/exhaustive-deps
  Line 2554:9:  'handleCreateDeck' is assigned a value but never used                                                                                                                                                                                                                 @typescript-eslint/no-unused-vars
  Line 2669:9:  'handleViewCards' is assigned a value but never used                                                                                                                                                                                                                  @typescript-eslint/no-unused-vars
  Line 2731:9:  'refreshDeckCards' is assigned a value but never used                                                                                                                                                                                                                 @typescript-eslint/no-unused-vars
  Line 3101:9:  'handleDeleteCard' is assigned a value but never used                                                                                                                                                                                                                 @typescript-eslint/no-unused-vars

src/components/game/BottomNavigation.tsx
  Line 39:6:  React Hook useEffect has a missing dependency: 'tabs'. Either include it or remove the dependency array  react-hooks/exhaustive-deps

src/components/game/MapContainer.tsx
  Line 1:10:  'useState' is defined but never used   @typescript-eslint/no-unused-vars
  Line 1:28:  'useEffect' is defined but never used  @typescript-eslint/no-unused-vars

src/components/game/TopicSelector.tsx
  Line 3:10:  'Card' is defined but never used             @typescript-eslint/no-unused-vars
  Line 3:16:  'CardContent' is defined but never used      @typescript-eslint/no-unused-vars
  Line 3:29:  'CardDescription' is defined but never used  @typescript-eslint/no-unused-vars
  Line 3:46:  'CardHeader' is defined but never used       @typescript-eslint/no-unused-vars
  Line 3:58:  'CardTitle' is defined but never used        @typescript-eslint/no-unused-vars
  Line 7:10:  'Tabs' is defined but never used             @typescript-eslint/no-unused-vars
  Line 7:16:  'TabsContent' is defined but never used      @typescript-eslint/no-unused-vars
  Line 7:29:  'TabsList' is defined but never used         @typescript-eslint/no-unused-vars
  Line 7:39:  'TabsTrigger' is defined but never used      @typescript-eslint/no-unused-vars
  Line 12:3:  'Shield' is defined but never used           @typescript-eslint/no-unused-vars

src/components/ui/card.tsx
  Line 32:3:  Headings must have content and the content must be accessible by a screen reader  jsx-a11y/heading-has-content

src/pages/FlashcardPage.tsx
  Line 97:10:  'isCreating' is assigned a value but never used           @typescript-eslint/no-unused-vars
  Line 276:9:  'handleStartPractice' is assigned a value but never used  @typescript-eslint/no-unused-vars
  Line 282:9:  'handleStartReview' is assigned a value but never used    @typescript-eslint/no-unused-vars

src/pages/GeoCodingQuest.tsx
  Line 61:9:   'navigate' is assigned a value but never used                                                                              @typescript-eslint/no-unused-vars
  Line 185:6:  React Hook useEffect has a missing dependency: 'updatePositionMutation'. Either include it or remove the dependency array  react-hooks/exhaustive-deps

src/pages/LearningGroupPage.tsx
  Line 8:3:    'Paper' is defined but never used                                                                                                              @typescript-eslint/no-unused-vars
  Line 125:6:  React Hook useEffect has missing dependencies: 'fetchAssignments' and 'fetchGroupDetails'. Either include them or remove the dependency array  react-hooks/exhaustive-deps

Search for the keywords to learn more about each warning.
To ignore, add // eslint-disable-next-line to the line before.

WARNING in [eslint] 
src/components/DeckBrowser.tsx
  Line 12:3:  'Play' is defined but never used    @typescript-eslint/no-unused-vars
  Line 13:3:  'Edit' is defined but never used    @typescript-eslint/no-unused-vars
  Line 14:3:  'Trash2' is defined but never used  @typescript-eslint/no-unused-vars

src/components/FileSystemPathManager.tsx
  Line 177:9:  'handleDeletePath' is assigned a value but never used  @typescript-eslint/no-unused-vars
  Line 188:9:  'handlePathSelect' is assigned a value but never used  @typescript-eslint/no-unused-vars

src/components/FlashcardPlayer.tsx
  Line 2:29:   'CardHeader' is defined but never used                      @typescript-eslint/no-unused-vars
  Line 2:41:   'CardTitle' is defined but never used                       @typescript-eslint/no-unused-vars
  Line 7:3:    'RotateCcw' is defined but never used                       @typescript-eslint/no-unused-vars
  Line 10:3:   'Star' is defined but never used                            @typescript-eslint/no-unused-vars
  Line 11:3:   'Play' is defined but never used                            @typescript-eslint/no-unused-vars
  Line 13:3:   'BarChart3' is defined but never used                       @typescript-eslint/no-unused-vars
  Line 14:3:   'Clock' is defined but never used                           @typescript-eslint/no-unused-vars
  Line 66:10:  'reviewQuality' is assigned a value but never used          @typescript-eslint/no-unused-vars
  Line 67:10:  'isReviewing' is assigned a value but never used            @typescript-eslint/no-unused-vars
  Line 95:9:   'isFirstCard' is assigned a value but never used            @typescript-eslint/no-unused-vars
  Line 149:9:  'flipCard' is assigned a value but never used               @typescript-eslint/no-unused-vars
  Line 153:9:  'handleQualitySelect' is assigned a value but never used    @typescript-eslint/no-unused-vars
  Line 185:9:  'resetSession' is assigned a value but never used           @typescript-eslint/no-unused-vars
  Line 197:9:  'getProgressPercentage' is assigned a value but never used  @typescript-eslint/no-unused-vars
  Line 202:9:  'getLevelColor' is assigned a value but never used          @typescript-eslint/no-unused-vars
  Line 214:9:  'getLevelText' is assigned a value but never used           @typescript-eslint/no-unused-vars

src/components/FolderAssignmentSelector.tsx
  Line 10:3:   'ListItem' is defined but never used                                                                                     @typescript-eslint/no-unused-vars
  Line 11:3:   'ListItemText' is defined but never used                                                                                 @typescript-eslint/no-unused-vars
  Line 12:3:   'ListItemIcon' is defined but never used                                                                                 @typescript-eslint/no-unused-vars
  Line 16:3:   'Divider' is defined but never used                                                                                      @typescript-eslint/no-unused-vars
  Line 24:18:  'FileIcon' is defined but never used                                                                                     @typescript-eslint/no-unused-vars
  Line 26:13:  'RemoveIcon' is defined but never used                                                                                   @typescript-eslint/no-unused-vars
  Line 80:6:   React Hook useEffect has a missing dependency: 'fetchAssignedFolders'. Either include it or remove the dependency array  react-hooks/exhaustive-deps

src/components/GradesModal.tsx
  Line 21:3:   'Card' is defined but never used                                                                                                                   @typescript-eslint/no-unused-vars
  Line 22:3:   'CardContent' is defined but never used                                                                                                            @typescript-eslint/no-unused-vars
  Line 132:6:  React Hook useCallback has missing dependencies: 'loadExistingGrades' and 'parseSchemaString'. Either include them or remove the dependency array  react-hooks/exhaustive-deps
  Line 436:9:  'formatGrade' is assigned a value but never used                                                                                                   @typescript-eslint/no-unused-vars
  Line 445:9:  'convertGermanGradeTextToNumber' is assigned a value but never used                                                                                @typescript-eslint/no-unused-vars
  Line 607:9:  'collectAllGrades' is assigned a value but never used                                                                                              @typescript-eslint/no-unused-vars

src/components/GradingSchemaManager.tsx
  Line 54:6:  React Hook useEffect has a missing dependency: 'fetchSchemas'. Either include it or remove the dependency array  react-hooks/exhaustive-deps

src/components/LessonContentDialog.tsx
  Line 326:6:  React Hook useEffect has missing dependencies: 'fetchLessonMaterials' and 'fetchLessonQuiz'. Either include them or remove the dependency array  react-hooks/exhaustive-deps

src/components/MaterialCreator.tsx
  Line 26:3:   'FormHelperText' is defined but never used                                                                           @typescript-eslint/no-unused-vars
  Line 37:13:  'FolderIcon' is defined but never used                                                                               @typescript-eslint/no-unused-vars
  Line 41:16:  'PlayIcon' is defined but never used                                                                                 @typescript-eslint/no-unused-vars
  Line 59:11:  'FileInfo' is defined but never used                                                                                 @typescript-eslint/no-unused-vars
  Line 159:9:  'handleMaterialDialogOpen' is assigned a value but never used                                                        @typescript-eslint/no-unused-vars
  Line 246:6:  React Hook useEffect has a missing dependency: 'loadGradeSchemas'. Either include it or remove the dependency array  react-hooks/exhaustive-deps
  Line 293:9:  'handleQuizDialogOpen' is assigned a value but never used                                                            @typescript-eslint/no-unused-vars
  Line 582:9:  'queryClient' is assigned a value but never used                                                                     @typescript-eslint/no-unused-vars

src/components/ProgressTracker.tsx
  Line 1:27:  'useEffect' is defined but never used    @typescript-eslint/no-unused-vars
  Line 7:3:   'Calendar' is defined but never used     @typescript-eslint/no-unused-vars
  Line 10:3:  'CheckCircle' is defined but never used  @typescript-eslint/no-unused-vars
  Line 11:3:  'XCircle' is defined but never used      @typescript-eslint/no-unused-vars

src/components/QuizAssignmentDialog.tsx
  Line 58:6:  React Hook useEffect has a missing dependency: 'fetchAvailableQuizzes'. Either include it or remove the dependency array  react-hooks/exhaustive-deps

src/components/QuizParticipationPlayer.tsx
  Line 123:6:   React Hook useEffect has missing dependencies: 'loadQuizData' and 'loadResults'. Either include them or remove the dependency array  react-hooks/exhaustive-deps
  Line 211:15:  'basePercentage' is assigned a value but never used                                                                                  @typescript-eslint/no-unused-vars
  Line 288:6:   React Hook useEffect has a missing dependency: 'finishQuiz'. Either include it or remove the dependency array                        react-hooks/exhaustive-deps

src/components/QuizPlayer.tsx
  Line 101:6:   React Hook useEffect has a missing dependency: 'finishQuiz'. Either include it or remove the dependency array  react-hooks/exhaustive-deps
  Line 154:11:  'baseScore' is assigned a value but never used                                                                 @typescript-eslint/no-unused-vars

src/components/QuizSessionManager.tsx
  Line 24:13:   'CancelIcon' is defined but never used                                                                                      @typescript-eslint/no-unused-vars
  Line 101:10:  'sessions' is assigned a value but never used                                                                               @typescript-eslint/no-unused-vars
  Line 101:20:  'setSessions' is assigned a value but never used                                                                            @typescript-eslint/no-unused-vars
  Line 158:6:   React Hook useEffect has a missing dependency: 'fetchQuizData'. Either include it or remove the dependency array            react-hooks/exhaustive-deps
  Line 165:6:   React Hook useEffect has a missing dependency: 'fetchLastSessionResults'. Either include it or remove the dependency array  react-hooks/exhaustive-deps
  Line 172:6:   React Hook useEffect has a missing dependency: 'fetchActiveSession'. Either include it or remove the dependency array       react-hooks/exhaustive-deps
  Line 297:15:  'results' is assigned a value but never used                                                                                @typescript-eslint/no-unused-vars
  Line 324:15:  'stats' is assigned a value but never used                                                                                  @typescript-eslint/no-unused-vars

src/components/QuizStartButton.tsx
  Line 27:10:  'quizTitle' is assigned a value but never used                                                                 @typescript-eslint/no-unused-vars
  Line 155:6:  React Hook useEffect has a missing dependency: 'quizStatus'. Either include it or remove the dependency array  react-hooks/exhaustive-deps
  Line 291:9:  'getButtonVariant' is assigned a value but never used                                                          @typescript-eslint/no-unused-vars
  Line 300:9:  'getButtonColor' is assigned a value but never used                                                            @typescript-eslint/no-unused-vars

src/components/QuizStatisticsModal.tsx
  Line 14:3:   'Divider' is defined but never used           @typescript-eslint/no-unused-vars
  Line 18:17:  'TrendingUpIcon' is defined but never used    @typescript-eslint/no-unused-vars
  Line 19:19:  'TrendingDownIcon' is defined but never used  @typescript-eslint/no-unused-vars
  Line 20:18:  'CheckIcon' is defined but never used         @typescript-eslint/no-unused-vars
  Line 21:13:  'CancelIcon' is defined but never used        @typescript-eslint/no-unused-vars

src/components/StudentDashboard.tsx
  Line 16:13:   'SchoolIcon' is defined but never used                                                                                                                           @typescript-eslint/no-unused-vars
  Line 141:10:  'expandedAssignedFolders' is assigned a value but never used                                                                                                     @typescript-eslint/no-unused-vars
  Line 340:9:   'toggleAssignedFolderExpanded' is assigned a value but never used                                                                                                @typescript-eslint/no-unused-vars
  Line 1769:6:  React Hook useEffect has missing dependencies: 'fetchAllContent', 'fetchAssignedFolders', and 'fetchGrades'. Either include them or remove the dependency array  react-hooks/exhaustive-deps

src/components/SubjectManager.tsx
  Line 2:35:    'Card' is defined but never used                                                                                                                 @typescript-eslint/no-unused-vars
  Line 2:41:    'CardContent' is defined but never used                                                                                                          @typescript-eslint/no-unused-vars
  Line 3:17:    'AddIcon' is defined but never used                                                                                                              @typescript-eslint/no-unused-vars
  Line 3:34:    'EditIcon' is defined but never used                                                                                                             @typescript-eslint/no-unused-vars
  Line 3:54:    'DeleteIcon' is defined but never used                                                                                                           @typescript-eslint/no-unused-vars
  Line 3:77:    'StorageIcon' is defined but never used                                                                                                          @typescript-eslint/no-unused-vars
  Line 3:172:   'CloseIcon' is defined but never used                                                                                                            @typescript-eslint/no-unused-vars
  Line 886:6:   React Hook useEffect has missing dependencies: 'fetchLessonMaterials' and 'fetchLessonQuiz'. Either include them or remove the dependency array  react-hooks/exhaustive-deps
  Line 1122:9:  'colors' is assigned a value but never used                                                                                                      @typescript-eslint/no-unused-vars
  Line 1202:6:  React Hook useEffect has a missing dependency: 'fetchSubjects'. Either include it or remove the dependency array                                 react-hooks/exhaustive-deps
  Line 1211:6:  React Hook useEffect has missing dependencies: 'blocks' and 'fetchBlocks'. Either include them or remove the dependency array                    react-hooks/exhaustive-deps
  Line 1220:6:  React Hook useEffect has missing dependencies: 'fetchUnits' and 'units'. Either include them or remove the dependency array                      react-hooks/exhaustive-deps
  Line 1229:6:  React Hook useEffect has missing dependencies: 'fetchTopics' and 'topics'. Either include them or remove the dependency array                    react-hooks/exhaustive-deps
  Line 1238:6:  React Hook useEffect has missing dependencies: 'fetchLessons' and 'lessons'. Either include them or remove the dependency array                  react-hooks/exhaustive-deps
  Line 1613:9:  'refreshAllData' is assigned a value but never used                                                                                              @typescript-eslint/no-unused-vars

src/components/TeacherDashboard.tsx
  Line 1:46:    'useMemo' is defined but never used                                                                                                                                                                                                                                   @typescript-eslint/no-unused-vars
  Line 50:14:   'RefreshIcon' is defined but never used                                                                                                                                                                                                                               @typescript-eslint/no-unused-vars
  Line 53:3:    'Edit' is defined but never used                                                                                                                                                                                                                                      @typescript-eslint/no-unused-vars
  Line 57:3:    'Public' is defined but never used                                                                                                                                                                                                                                    @typescript-eslint/no-unused-vars
  Line 58:3:    'Lock' is defined but never used                                                                                                                                                                                                                                      @typescript-eslint/no-unused-vars
  Line 224:6:   React Hook useEffect has an unnecessary dependency: 'materialCreatorRef.current'. Either exclude it or remove the dependency array. Mutable values like 'materialCreatorRef.current' aren't valid dependencies because mutating them doesn't re-render the component  react-hooks/exhaustive-deps
  Line 308:10:  'expandedAssignedFolders' is assigned a value but never used                                                                                                                                                                                                          @typescript-eslint/no-unused-vars
  Line 331:6:   React Hook useEffect has a missing dependency: 'fetchGroups'. Either include it or remove the dependency array                                                                                                                                                        react-hooks/exhaustive-deps
  Line 547:6:   React Hook useEffect has a missing dependency: 'fetchFlashcardDecks'. Either include it or remove the dependency array                                                                                                                                                react-hooks/exhaustive-deps
  Line 554:6:   React Hook useEffect has missing dependencies: 'fetchFlashcardAssignments' and 'flashcardDecks'. Either include them or remove the dependency array                                                                                                                   react-hooks/exhaustive-deps
  Line 559:6:   React Hook useEffect has a missing dependency: 'fetchGroups'. Either include it or remove the dependency array                                                                                                                                                        react-hooks/exhaustive-deps
  Line 566:6:   React Hook useEffect has a missing dependency: 'fetchFlashcardAssignments'. Either include it or remove the dependency array                                                                                                                                          react-hooks/exhaustive-deps
  Line 647:6:   React Hook useEffect has a missing dependency: 'ensureMiniGrades'. Either include it or remove the dependency array                                                                                                                                                   react-hooks/exhaustive-deps
  Line 753:9:   'toggleAssignedFolderExpanded' is assigned a value but never used                                                                                                                                                                                                     @typescript-eslint/no-unused-vars
  Line 1913:9:  'handleGroupClick' is assigned a value but never used                                                                                                                                                                                                                 @typescript-eslint/no-unused-vars
  Line 2091:9:  'groupLeavesBySecondLevel' is assigned a value but never used                                                                                                                                                                                                         @typescript-eslint/no-unused-vars
  Line 2096:9:  'shouldHideRoot' is assigned a value but never used                                                                                                                                                                                                                   @typescript-eslint/no-unused-vars
  Line 2102:9:  'sortNodesByPriority' is assigned a value but never used                                                                                                                                                                                                              @typescript-eslint/no-unused-vars
  Line 2216:9:  'handleStudentMenuOpen' is assigned a value but never used                                                                                                                                                                                                            @typescript-eslint/no-unused-vars
  Line 2266:9:  'testMaterialCreatorRef' is assigned a value but never used                                                                                                                                                                                                           @typescript-eslint/no-unused-vars
  Line 2514:6:  React Hook useEffect has a missing dependency: 'checkAllQuizStatuses'. Either include it or remove the dependency array                                                                                                                                               react-hooks/exhaustive-deps
  Line 2554:9:  'handleCreateDeck' is assigned a value but never used                                                                                                                                                                                                                 @typescript-eslint/no-unused-vars
  Line 2669:9:  'handleViewCards' is assigned a value but never used                                                                                                                                                                                                                  @typescript-eslint/no-unused-vars
  Line 2731:9:  'refreshDeckCards' is assigned a value but never used                                                                                                                                                                                                                 @typescript-eslint/no-unused-vars
  Line 3101:9:  'handleDeleteCard' is assigned a value but never used                                                                                                                                                                                                                 @typescript-eslint/no-unused-vars

src/components/game/BottomNavigation.tsx
  Line 39:6:  React Hook useEffect has a missing dependency: 'tabs'. Either include it or remove the dependency array  react-hooks/exhaustive-deps

src/components/game/MapContainer.tsx
  Line 1:10:  'useState' is defined but never used   @typescript-eslint/no-unused-vars
  Line 1:28:  'useEffect' is defined but never used  @typescript-eslint/no-unused-vars

src/components/game/TopicSelector.tsx
  Line 3:10:  'Card' is defined but never used             @typescript-eslint/no-unused-vars
  Line 3:16:  'CardContent' is defined but never used      @typescript-eslint/no-unused-vars
  Line 3:29:  'CardDescription' is defined but never used  @typescript-eslint/no-unused-vars
  Line 3:46:  'CardHeader' is defined but never used       @typescript-eslint/no-unused-vars
  Line 3:58:  'CardTitle' is defined but never used        @typescript-eslint/no-unused-vars
  Line 7:10:  'Tabs' is defined but never used             @typescript-eslint/no-unused-vars
  Line 7:16:  'TabsContent' is defined but never used      @typescript-eslint/no-unused-vars
  Line 7:29:  'TabsList' is defined but never used         @typescript-eslint/no-unused-vars
  Line 7:39:  'TabsTrigger' is defined but never used      @typescript-eslint/no-unused-vars
  Line 12:3:  'Shield' is defined but never used           @typescript-eslint/no-unused-vars

src/components/ui/card.tsx
  Line 32:3:  Headings must have content and the content must be accessible by a screen reader  jsx-a11y/heading-has-content

src/pages/FlashcardPage.tsx
  Line 97:10:  'isCreating' is assigned a value but never used           @typescript-eslint/no-unused-vars
  Line 276:9:  'handleStartPractice' is assigned a value but never used  @typescript-eslint/no-unused-vars
  Line 282:9:  'handleStartReview' is assigned a value but never used    @typescript-eslint/no-unused-vars

src/pages/GeoCodingQuest.tsx
  Line 61:9:   'navigate' is assigned a value but never used                                                                              @typescript-eslint/no-unused-vars
  Line 185:6:  React Hook useEffect has a missing dependency: 'updatePositionMutation'. Either include it or remove the dependency array  react-hooks/exhaustive-deps

src/pages/LearningGroupPage.tsx
  Line 8:3:    'Paper' is defined but never used                                                                                                              @typescript-eslint/no-unused-vars
  Line 125:6:  React Hook useEffect has missing dependencies: 'fetchAssignments' and 'fetchGroupDetails'. Either include them or remove the dependency array  react-hooks/exhaustive-deps

webpack compiled with 1 warning
No issues found.
Proxy error: Could not proxy request /api/auth/login from localhost:3003 to http://localhost:3002.
See https://nodejs.org/api/errors.html#errors_common_system_errors for more information (ECONNREFUSED).

Proxy error: Could not proxy request /api/auth/login from localhost:3003 to http://localhost:3002.
See https://nodejs.org/api/errors.html#errors_common_system_errors for more information (ECONNREFUSED).

Compiling...
Compiled with warnings.

[eslint] 
src/components/DeckBrowser.tsx
  Line 12:3:  'Play' is defined but never used    @typescript-eslint/no-unused-vars
  Line 13:3:  'Edit' is defined but never used    @typescript-eslint/no-unused-vars
  Line 14:3:  'Trash2' is defined but never used  @typescript-eslint/no-unused-vars

src/components/FileSystemPathManager.tsx
  Line 177:9:  'handleDeletePath' is assigned a value but never used  @typescript-eslint/no-unused-vars
  Line 188:9:  'handlePathSelect' is assigned a value but never used  @typescript-eslint/no-unused-vars

src/components/FlashcardPlayer.tsx
  Line 2:29:   'CardHeader' is defined but never used                      @typescript-eslint/no-unused-vars
  Line 2:41:   'CardTitle' is defined but never used                       @typescript-eslint/no-unused-vars
  Line 7:3:    'RotateCcw' is defined but never used                       @typescript-eslint/no-unused-vars
  Line 10:3:   'Star' is defined but never used                            @typescript-eslint/no-unused-vars
  Line 11:3:   'Play' is defined but never used                            @typescript-eslint/no-unused-vars
  Line 13:3:   'BarChart3' is defined but never used                       @typescript-eslint/no-unused-vars
  Line 14:3:   'Clock' is defined but never used                           @typescript-eslint/no-unused-vars
  Line 66:10:  'reviewQuality' is assigned a value but never used          @typescript-eslint/no-unused-vars
  Line 67:10:  'isReviewing' is assigned a value but never used            @typescript-eslint/no-unused-vars
  Line 95:9:   'isFirstCard' is assigned a value but never used            @typescript-eslint/no-unused-vars
  Line 149:9:  'flipCard' is assigned a value but never used               @typescript-eslint/no-unused-vars
  Line 153:9:  'handleQualitySelect' is assigned a value but never used    @typescript-eslint/no-unused-vars
  Line 185:9:  'resetSession' is assigned a value but never used           @typescript-eslint/no-unused-vars
  Line 197:9:  'getProgressPercentage' is assigned a value but never used  @typescript-eslint/no-unused-vars
  Line 202:9:  'getLevelColor' is assigned a value but never used          @typescript-eslint/no-unused-vars
  Line 214:9:  'getLevelText' is assigned a value but never used           @typescript-eslint/no-unused-vars

src/components/FolderAssignmentSelector.tsx
  Line 10:3:   'ListItem' is defined but never used                                                                                     @typescript-eslint/no-unused-vars
  Line 11:3:   'ListItemText' is defined but never used                                                                                 @typescript-eslint/no-unused-vars
  Line 12:3:   'ListItemIcon' is defined but never used                                                                                 @typescript-eslint/no-unused-vars
  Line 16:3:   'Divider' is defined but never used                                                                                      @typescript-eslint/no-unused-vars
  Line 24:18:  'FileIcon' is defined but never used                                                                                     @typescript-eslint/no-unused-vars
  Line 26:13:  'RemoveIcon' is defined but never used                                                                                   @typescript-eslint/no-unused-vars
  Line 80:6:   React Hook useEffect has a missing dependency: 'fetchAssignedFolders'. Either include it or remove the dependency array  react-hooks/exhaustive-deps

src/components/GradesModal.tsx
  Line 21:3:   'Card' is defined but never used                                                                                                                   @typescript-eslint/no-unused-vars
  Line 22:3:   'CardContent' is defined but never used                                                                                                            @typescript-eslint/no-unused-vars
  Line 132:6:  React Hook useCallback has missing dependencies: 'loadExistingGrades' and 'parseSchemaString'. Either include them or remove the dependency array  react-hooks/exhaustive-deps
  Line 436:9:  'formatGrade' is assigned a value but never used                                                                                                   @typescript-eslint/no-unused-vars
  Line 445:9:  'convertGermanGradeTextToNumber' is assigned a value but never used                                                                                @typescript-eslint/no-unused-vars
  Line 607:9:  'collectAllGrades' is assigned a value but never used                                                                                              @typescript-eslint/no-unused-vars

src/components/GradingSchemaManager.tsx
  Line 54:6:  React Hook useEffect has a missing dependency: 'fetchSchemas'. Either include it or remove the dependency array  react-hooks/exhaustive-deps

src/components/LessonContentDialog.tsx
  Line 326:6:  React Hook useEffect has missing dependencies: 'fetchLessonMaterials' and 'fetchLessonQuiz'. Either include them or remove the dependency array  react-hooks/exhaustive-deps

src/components/MaterialCreator.tsx
  Line 26:3:   'FormHelperText' is defined but never used                                                                           @typescript-eslint/no-unused-vars
  Line 37:13:  'FolderIcon' is defined but never used                                                                               @typescript-eslint/no-unused-vars
  Line 41:16:  'PlayIcon' is defined but never used                                                                                 @typescript-eslint/no-unused-vars
  Line 59:11:  'FileInfo' is defined but never used                                                                                 @typescript-eslint/no-unused-vars
  Line 159:9:  'handleMaterialDialogOpen' is assigned a value but never used                                                        @typescript-eslint/no-unused-vars
  Line 246:6:  React Hook useEffect has a missing dependency: 'loadGradeSchemas'. Either include it or remove the dependency array  react-hooks/exhaustive-deps
  Line 293:9:  'handleQuizDialogOpen' is assigned a value but never used                                                            @typescript-eslint/no-unused-vars
  Line 582:9:  'queryClient' is assigned a value but never used                                                                     @typescript-eslint/no-unused-vars

src/components/ProgressTracker.tsx
  Line 1:27:  'useEffect' is defined but never used    @typescript-eslint/no-unused-vars
  Line 7:3:   'Calendar' is defined but never used     @typescript-eslint/no-unused-vars
  Line 10:3:  'CheckCircle' is defined but never used  @typescript-eslint/no-unused-vars
  Line 11:3:  'XCircle' is defined but never used      @typescript-eslint/no-unused-vars

src/components/QuizAssignmentDialog.tsx
  Line 58:6:  React Hook useEffect has a missing dependency: 'fetchAvailableQuizzes'. Either include it or remove the dependency array  react-hooks/exhaustive-deps

src/components/QuizParticipationPlayer.tsx
  Line 123:6:   React Hook useEffect has missing dependencies: 'loadQuizData' and 'loadResults'. Either include them or remove the dependency array  react-hooks/exhaustive-deps
  Line 211:15:  'basePercentage' is assigned a value but never used                                                                                  @typescript-eslint/no-unused-vars
  Line 288:6:   React Hook useEffect has a missing dependency: 'finishQuiz'. Either include it or remove the dependency array                        react-hooks/exhaustive-deps

src/components/QuizPlayer.tsx
  Line 101:6:   React Hook useEffect has a missing dependency: 'finishQuiz'. Either include it or remove the dependency array  react-hooks/exhaustive-deps
  Line 154:11:  'baseScore' is assigned a value but never used                                                                 @typescript-eslint/no-unused-vars

src/components/QuizSessionManager.tsx
  Line 24:13:   'CancelIcon' is defined but never used                                                                                      @typescript-eslint/no-unused-vars
  Line 101:10:  'sessions' is assigned a value but never used                                                                               @typescript-eslint/no-unused-vars
  Line 101:20:  'setSessions' is assigned a value but never used                                                                            @typescript-eslint/no-unused-vars
  Line 158:6:   React Hook useEffect has a missing dependency: 'fetchQuizData'. Either include it or remove the dependency array            react-hooks/exhaustive-deps
  Line 165:6:   React Hook useEffect has a missing dependency: 'fetchLastSessionResults'. Either include it or remove the dependency array  react-hooks/exhaustive-deps
  Line 172:6:   React Hook useEffect has a missing dependency: 'fetchActiveSession'. Either include it or remove the dependency array       react-hooks/exhaustive-deps
  Line 297:15:  'results' is assigned a value but never used                                                                                @typescript-eslint/no-unused-vars
  Line 324:15:  'stats' is assigned a value but never used                                                                                  @typescript-eslint/no-unused-vars

src/components/QuizStartButton.tsx
  Line 27:10:  'quizTitle' is assigned a value but never used                                                                 @typescript-eslint/no-unused-vars
  Line 155:6:  React Hook useEffect has a missing dependency: 'quizStatus'. Either include it or remove the dependency array  react-hooks/exhaustive-deps
  Line 291:9:  'getButtonVariant' is assigned a value but never used                                                          @typescript-eslint/no-unused-vars
  Line 300:9:  'getButtonColor' is assigned a value but never used                                                            @typescript-eslint/no-unused-vars

src/components/QuizStatisticsModal.tsx
  Line 14:3:   'Divider' is defined but never used           @typescript-eslint/no-unused-vars
  Line 18:17:  'TrendingUpIcon' is defined but never used    @typescript-eslint/no-unused-vars
  Line 19:19:  'TrendingDownIcon' is defined but never used  @typescript-eslint/no-unused-vars
  Line 20:18:  'CheckIcon' is defined but never used         @typescript-eslint/no-unused-vars
  Line 21:13:  'CancelIcon' is defined but never used        @typescript-eslint/no-unused-vars

src/components/StudentDashboard.tsx
  Line 16:13:   'SchoolIcon' is defined but never used                                                                                                                           @typescript-eslint/no-unused-vars
  Line 141:10:  'expandedAssignedFolders' is assigned a value but never used                                                                                                     @typescript-eslint/no-unused-vars
  Line 340:9:   'toggleAssignedFolderExpanded' is assigned a value but never used                                                                                                @typescript-eslint/no-unused-vars
  Line 1769:6:  React Hook useEffect has missing dependencies: 'fetchAllContent', 'fetchAssignedFolders', and 'fetchGrades'. Either include them or remove the dependency array  react-hooks/exhaustive-deps

src/components/SubjectManager.tsx
  Line 2:35:    'Card' is defined but never used                                                                                                                 @typescript-eslint/no-unused-vars
  Line 2:41:    'CardContent' is defined but never used                                                                                                          @typescript-eslint/no-unused-vars
  Line 3:17:    'AddIcon' is defined but never used                                                                                                              @typescript-eslint/no-unused-vars
  Line 3:34:    'EditIcon' is defined but never used                                                                                                             @typescript-eslint/no-unused-vars
  Line 3:54:    'DeleteIcon' is defined but never used                                                                                                           @typescript-eslint/no-unused-vars
  Line 3:77:    'StorageIcon' is defined but never used                                                                                                          @typescript-eslint/no-unused-vars
  Line 3:172:   'CloseIcon' is defined but never used                                                                                                            @typescript-eslint/no-unused-vars
  Line 886:6:   React Hook useEffect has missing dependencies: 'fetchLessonMaterials' and 'fetchLessonQuiz'. Either include them or remove the dependency array  react-hooks/exhaustive-deps
  Line 1122:9:  'colors' is assigned a value but never used                                                                                                      @typescript-eslint/no-unused-vars
  Line 1202:6:  React Hook useEffect has a missing dependency: 'fetchSubjects'. Either include it or remove the dependency array                                 react-hooks/exhaustive-deps
  Line 1211:6:  React Hook useEffect has missing dependencies: 'blocks' and 'fetchBlocks'. Either include them or remove the dependency array                    react-hooks/exhaustive-deps
  Line 1220:6:  React Hook useEffect has missing dependencies: 'fetchUnits' and 'units'. Either include them or remove the dependency array                      react-hooks/exhaustive-deps
  Line 1229:6:  React Hook useEffect has missing dependencies: 'fetchTopics' and 'topics'. Either include them or remove the dependency array                    react-hooks/exhaustive-deps
  Line 1238:6:  React Hook useEffect has missing dependencies: 'fetchLessons' and 'lessons'. Either include them or remove the dependency array                  react-hooks/exhaustive-deps
  Line 1613:9:  'refreshAllData' is assigned a value but never used                                                                                              @typescript-eslint/no-unused-vars

src/components/TeacherDashboard.tsx
  Line 1:46:    'useMemo' is defined but never used                                                                                                                                                                                                                                   @typescript-eslint/no-unused-vars
  Line 50:14:   'RefreshIcon' is defined but never used                                                                                                                                                                                                                               @typescript-eslint/no-unused-vars
  Line 53:3:    'Edit' is defined but never used                                                                                                                                                                                                                                      @typescript-eslint/no-unused-vars
  Line 57:3:    'Public' is defined but never used                                                                                                                                                                                                                                    @typescript-eslint/no-unused-vars
  Line 58:3:    'Lock' is defined but never used                                                                                                                                                                                                                                      @typescript-eslint/no-unused-vars
  Line 224:6:   React Hook useEffect has an unnecessary dependency: 'materialCreatorRef.current'. Either exclude it or remove the dependency array. Mutable values like 'materialCreatorRef.current' aren't valid dependencies because mutating them doesn't re-render the component  react-hooks/exhaustive-deps
  Line 308:10:  'expandedAssignedFolders' is assigned a value but never used                                                                                                                                                                                                          @typescript-eslint/no-unused-vars
  Line 331:6:   React Hook useEffect has a missing dependency: 'fetchGroups'. Either include it or remove the dependency array                                                                                                                                                        react-hooks/exhaustive-deps
  Line 547:6:   React Hook useEffect has a missing dependency: 'fetchFlashcardDecks'. Either include it or remove the dependency array                                                                                                                                                react-hooks/exhaustive-deps
  Line 554:6:   React Hook useEffect has missing dependencies: 'fetchFlashcardAssignments' and 'flashcardDecks'. Either include them or remove the dependency array                                                                                                                   react-hooks/exhaustive-deps
  Line 559:6:   React Hook useEffect has a missing dependency: 'fetchGroups'. Either include it or remove the dependency array                                                                                                                                                        react-hooks/exhaustive-deps
  Line 566:6:   React Hook useEffect has a missing dependency: 'fetchFlashcardAssignments'. Either include it or remove the dependency array                                                                                                                                          react-hooks/exhaustive-deps
  Line 647:6:   React Hook useEffect has a missing dependency: 'ensureMiniGrades'. Either include it or remove the dependency array                                                                                                                                                   react-hooks/exhaustive-deps
  Line 753:9:   'toggleAssignedFolderExpanded' is assigned a value but never used                                                                                                                                                                                                     @typescript-eslint/no-unused-vars
  Line 1913:9:  'handleGroupClick' is assigned a value but never used                                                                                                                                                                                                                 @typescript-eslint/no-unused-vars
  Line 2091:9:  'groupLeavesBySecondLevel' is assigned a value but never used                                                                                                                                                                                                         @typescript-eslint/no-unused-vars
  Line 2096:9:  'shouldHideRoot' is assigned a value but never used                                                                                                                                                                                                                   @typescript-eslint/no-unused-vars
  Line 2102:9:  'sortNodesByPriority' is assigned a value but never used                                                                                                                                                                                                              @typescript-eslint/no-unused-vars
  Line 2216:9:  'handleStudentMenuOpen' is assigned a value but never used                                                                                                                                                                                                            @typescript-eslint/no-unused-vars
  Line 2266:9:  'testMaterialCreatorRef' is assigned a value but never used                                                                                                                                                                                                           @typescript-eslint/no-unused-vars
  Line 2514:6:  React Hook useEffect has a missing dependency: 'checkAllQuizStatuses'. Either include it or remove the dependency array                                                                                                                                               react-hooks/exhaustive-deps
  Line 2554:9:  'handleCreateDeck' is assigned a value but never used                                                                                                                                                                                                                 @typescript-eslint/no-unused-vars
  Line 2669:9:  'handleViewCards' is assigned a value but never used                                                                                                                                                                                                                  @typescript-eslint/no-unused-vars
  Line 2731:9:  'refreshDeckCards' is assigned a value but never used                                                                                                                                                                                                                 @typescript-eslint/no-unused-vars
  Line 3101:9:  'handleDeleteCard' is assigned a value but never used                                                                                                                                                                                                                 @typescript-eslint/no-unused-vars

src/components/game/BottomNavigation.tsx
  Line 39:6:  React Hook useEffect has a missing dependency: 'tabs'. Either include it or remove the dependency array  react-hooks/exhaustive-deps

src/components/game/MapContainer.tsx
  Line 1:10:  'useState' is defined but never used   @typescript-eslint/no-unused-vars
  Line 1:28:  'useEffect' is defined but never used  @typescript-eslint/no-unused-vars

src/components/game/TopicSelector.tsx
  Line 3:10:  'Card' is defined but never used             @typescript-eslint/no-unused-vars
  Line 3:16:  'CardContent' is defined but never used      @typescript-eslint/no-unused-vars
  Line 3:29:  'CardDescription' is defined but never used  @typescript-eslint/no-unused-vars
  Line 3:46:  'CardHeader' is defined but never used       @typescript-eslint/no-unused-vars
  Line 3:58:  'CardTitle' is defined but never used        @typescript-eslint/no-unused-vars
  Line 7:10:  'Tabs' is defined but never used             @typescript-eslint/no-unused-vars
  Line 7:16:  'TabsContent' is defined but never used      @typescript-eslint/no-unused-vars
  Line 7:29:  'TabsList' is defined but never used         @typescript-eslint/no-unused-vars
  Line 7:39:  'TabsTrigger' is defined but never used      @typescript-eslint/no-unused-vars
  Line 12:3:  'Shield' is defined but never used           @typescript-eslint/no-unused-vars

src/components/ui/card.tsx
  Line 32:3:  Headings must have content and the content must be accessible by a screen reader  jsx-a11y/heading-has-content

src/pages/FlashcardPage.tsx
  Line 97:10:  'isCreating' is assigned a value but never used           @typescript-eslint/no-unused-vars
  Line 276:9:  'handleStartPractice' is assigned a value but never used  @typescript-eslint/no-unused-vars
  Line 282:9:  'handleStartReview' is assigned a value but never used    @typescript-eslint/no-unused-vars

src/pages/GeoCodingQuest.tsx
  Line 61:9:   'navigate' is assigned a value but never used                                                                              @typescript-eslint/no-unused-vars
  Line 185:6:  React Hook useEffect has a missing dependency: 'updatePositionMutation'. Either include it or remove the dependency array  react-hooks/exhaustive-deps

src/pages/LearningGroupPage.tsx
  Line 8:3:    'Paper' is defined but never used                                                                                                              @typescript-eslint/no-unused-vars
  Line 125:6:  React Hook useEffect has missing dependencies: 'fetchAssignments' and 'fetchGroupDetails'. Either include them or remove the dependency array  react-hooks/exhaustive-deps

Search for the keywords to learn more about each warning.
To ignore, add // eslint-disable-next-line to the line before.

WARNING in [eslint] 
src/components/DeckBrowser.tsx
  Line 12:3:  'Play' is defined but never used    @typescript-eslint/no-unused-vars
  Line 13:3:  'Edit' is defined but never used    @typescript-eslint/no-unused-vars
  Line 14:3:  'Trash2' is defined but never used  @typescript-eslint/no-unused-vars

src/components/FileSystemPathManager.tsx
  Line 177:9:  'handleDeletePath' is assigned a value but never used  @typescript-eslint/no-unused-vars
  Line 188:9:  'handlePathSelect' is assigned a value but never used  @typescript-eslint/no-unused-vars

src/components/FlashcardPlayer.tsx
  Line 2:29:   'CardHeader' is defined but never used                      @typescript-eslint/no-unused-vars
  Line 2:41:   'CardTitle' is defined but never used                       @typescript-eslint/no-unused-vars
  Line 7:3:    'RotateCcw' is defined but never used                       @typescript-eslint/no-unused-vars
  Line 10:3:   'Star' is defined but never used                            @typescript-eslint/no-unused-vars
  Line 11:3:   'Play' is defined but never used                            @typescript-eslint/no-unused-vars
  Line 13:3:   'BarChart3' is defined but never used                       @typescript-eslint/no-unused-vars
  Line 14:3:   'Clock' is defined but never used                           @typescript-eslint/no-unused-vars
  Line 66:10:  'reviewQuality' is assigned a value but never used          @typescript-eslint/no-unused-vars
  Line 67:10:  'isReviewing' is assigned a value but never used            @typescript-eslint/no-unused-vars
  Line 95:9:   'isFirstCard' is assigned a value but never used            @typescript-eslint/no-unused-vars
  Line 149:9:  'flipCard' is assigned a value but never used               @typescript-eslint/no-unused-vars
  Line 153:9:  'handleQualitySelect' is assigned a value but never used    @typescript-eslint/no-unused-vars
  Line 185:9:  'resetSession' is assigned a value but never used           @typescript-eslint/no-unused-vars
  Line 197:9:  'getProgressPercentage' is assigned a value but never used  @typescript-eslint/no-unused-vars
  Line 202:9:  'getLevelColor' is assigned a value but never used          @typescript-eslint/no-unused-vars
  Line 214:9:  'getLevelText' is assigned a value but never used           @typescript-eslint/no-unused-vars

src/components/FolderAssignmentSelector.tsx
  Line 10:3:   'ListItem' is defined but never used                                                                                     @typescript-eslint/no-unused-vars
  Line 11:3:   'ListItemText' is defined but never used                                                                                 @typescript-eslint/no-unused-vars
  Line 12:3:   'ListItemIcon' is defined but never used                                                                                 @typescript-eslint/no-unused-vars
  Line 16:3:   'Divider' is defined but never used                                                                                      @typescript-eslint/no-unused-vars
  Line 24:18:  'FileIcon' is defined but never used                                                                                     @typescript-eslint/no-unused-vars
  Line 26:13:  'RemoveIcon' is defined but never used                                                                                   @typescript-eslint/no-unused-vars
  Line 80:6:   React Hook useEffect has a missing dependency: 'fetchAssignedFolders'. Either include it or remove the dependency array  react-hooks/exhaustive-deps

src/components/GradesModal.tsx
  Line 21:3:   'Card' is defined but never used                                                                                                                   @typescript-eslint/no-unused-vars
  Line 22:3:   'CardContent' is defined but never used                                                                                                            @typescript-eslint/no-unused-vars
  Line 132:6:  React Hook useCallback has missing dependencies: 'loadExistingGrades' and 'parseSchemaString'. Either include them or remove the dependency array  react-hooks/exhaustive-deps
  Line 436:9:  'formatGrade' is assigned a value but never used                                                                                                   @typescript-eslint/no-unused-vars
  Line 445:9:  'convertGermanGradeTextToNumber' is assigned a value but never used                                                                                @typescript-eslint/no-unused-vars
  Line 607:9:  'collectAllGrades' is assigned a value but never used                                                                                              @typescript-eslint/no-unused-vars

src/components/GradingSchemaManager.tsx
  Line 54:6:  React Hook useEffect has a missing dependency: 'fetchSchemas'. Either include it or remove the dependency array  react-hooks/exhaustive-deps

src/components/LessonContentDialog.tsx
  Line 326:6:  React Hook useEffect has missing dependencies: 'fetchLessonMaterials' and 'fetchLessonQuiz'. Either include them or remove the dependency array  react-hooks/exhaustive-deps

src/components/MaterialCreator.tsx
  Line 26:3:   'FormHelperText' is defined but never used                                                                           @typescript-eslint/no-unused-vars
  Line 37:13:  'FolderIcon' is defined but never used                                                                               @typescript-eslint/no-unused-vars
  Line 41:16:  'PlayIcon' is defined but never used                                                                                 @typescript-eslint/no-unused-vars
  Line 59:11:  'FileInfo' is defined but never used                                                                                 @typescript-eslint/no-unused-vars
  Line 159:9:  'handleMaterialDialogOpen' is assigned a value but never used                                                        @typescript-eslint/no-unused-vars
  Line 246:6:  React Hook useEffect has a missing dependency: 'loadGradeSchemas'. Either include it or remove the dependency array  react-hooks/exhaustive-deps
  Line 293:9:  'handleQuizDialogOpen' is assigned a value but never used                                                            @typescript-eslint/no-unused-vars
  Line 582:9:  'queryClient' is assigned a value but never used                                                                     @typescript-eslint/no-unused-vars

src/components/ProgressTracker.tsx
  Line 1:27:  'useEffect' is defined but never used    @typescript-eslint/no-unused-vars
  Line 7:3:   'Calendar' is defined but never used     @typescript-eslint/no-unused-vars
  Line 10:3:  'CheckCircle' is defined but never used  @typescript-eslint/no-unused-vars
  Line 11:3:  'XCircle' is defined but never used      @typescript-eslint/no-unused-vars

src/components/QuizAssignmentDialog.tsx
  Line 58:6:  React Hook useEffect has a missing dependency: 'fetchAvailableQuizzes'. Either include it or remove the dependency array  react-hooks/exhaustive-deps

src/components/QuizParticipationPlayer.tsx
  Line 123:6:   React Hook useEffect has missing dependencies: 'loadQuizData' and 'loadResults'. Either include them or remove the dependency array  react-hooks/exhaustive-deps
  Line 211:15:  'basePercentage' is assigned a value but never used                                                                                  @typescript-eslint/no-unused-vars
  Line 288:6:   React Hook useEffect has a missing dependency: 'finishQuiz'. Either include it or remove the dependency array                        react-hooks/exhaustive-deps

src/components/QuizPlayer.tsx
  Line 101:6:   React Hook useEffect has a missing dependency: 'finishQuiz'. Either include it or remove the dependency array  react-hooks/exhaustive-deps
  Line 154:11:  'baseScore' is assigned a value but never used                                                                 @typescript-eslint/no-unused-vars

src/components/QuizSessionManager.tsx
  Line 24:13:   'CancelIcon' is defined but never used                                                                                      @typescript-eslint/no-unused-vars
  Line 101:10:  'sessions' is assigned a value but never used                                                                               @typescript-eslint/no-unused-vars
  Line 101:20:  'setSessions' is assigned a value but never used                                                                            @typescript-eslint/no-unused-vars
  Line 158:6:   React Hook useEffect has a missing dependency: 'fetchQuizData'. Either include it or remove the dependency array            react-hooks/exhaustive-deps
  Line 165:6:   React Hook useEffect has a missing dependency: 'fetchLastSessionResults'. Either include it or remove the dependency array  react-hooks/exhaustive-deps
  Line 172:6:   React Hook useEffect has a missing dependency: 'fetchActiveSession'. Either include it or remove the dependency array       react-hooks/exhaustive-deps
  Line 297:15:  'results' is assigned a value but never used                                                                                @typescript-eslint/no-unused-vars
  Line 324:15:  'stats' is assigned a value but never used                                                                                  @typescript-eslint/no-unused-vars

src/components/QuizStartButton.tsx
  Line 27:10:  'quizTitle' is assigned a value but never used                                                                 @typescript-eslint/no-unused-vars
  Line 155:6:  React Hook useEffect has a missing dependency: 'quizStatus'. Either include it or remove the dependency array  react-hooks/exhaustive-deps
  Line 291:9:  'getButtonVariant' is assigned a value but never used                                                          @typescript-eslint/no-unused-vars
  Line 300:9:  'getButtonColor' is assigned a value but never used                                                            @typescript-eslint/no-unused-vars

src/components/QuizStatisticsModal.tsx
  Line 14:3:   'Divider' is defined but never used           @typescript-eslint/no-unused-vars
  Line 18:17:  'TrendingUpIcon' is defined but never used    @typescript-eslint/no-unused-vars
  Line 19:19:  'TrendingDownIcon' is defined but never used  @typescript-eslint/no-unused-vars
  Line 20:18:  'CheckIcon' is defined but never used         @typescript-eslint/no-unused-vars
  Line 21:13:  'CancelIcon' is defined but never used        @typescript-eslint/no-unused-vars

src/components/StudentDashboard.tsx
  Line 16:13:   'SchoolIcon' is defined but never used                                                                                                                           @typescript-eslint/no-unused-vars
  Line 141:10:  'expandedAssignedFolders' is assigned a value but never used                                                                                                     @typescript-eslint/no-unused-vars
  Line 340:9:   'toggleAssignedFolderExpanded' is assigned a value but never used                                                                                                @typescript-eslint/no-unused-vars
  Line 1769:6:  React Hook useEffect has missing dependencies: 'fetchAllContent', 'fetchAssignedFolders', and 'fetchGrades'. Either include them or remove the dependency array  react-hooks/exhaustive-deps

src/components/SubjectManager.tsx
  Line 2:35:    'Card' is defined but never used                                                                                                                 @typescript-eslint/no-unused-vars
  Line 2:41:    'CardContent' is defined but never used                                                                                                          @typescript-eslint/no-unused-vars
  Line 3:17:    'AddIcon' is defined but never used                                                                                                              @typescript-eslint/no-unused-vars
  Line 3:34:    'EditIcon' is defined but never used                                                                                                             @typescript-eslint/no-unused-vars
  Line 3:54:    'DeleteIcon' is defined but never used                                                                                                           @typescript-eslint/no-unused-vars
  Line 3:77:    'StorageIcon' is defined but never used                                                                                                          @typescript-eslint/no-unused-vars
  Line 3:172:   'CloseIcon' is defined but never used                                                                                                            @typescript-eslint/no-unused-vars
  Line 886:6:   React Hook useEffect has missing dependencies: 'fetchLessonMaterials' and 'fetchLessonQuiz'. Either include them or remove the dependency array  react-hooks/exhaustive-deps
  Line 1122:9:  'colors' is assigned a value but never used                                                                                                      @typescript-eslint/no-unused-vars
  Line 1202:6:  React Hook useEffect has a missing dependency: 'fetchSubjects'. Either include it or remove the dependency array                                 react-hooks/exhaustive-deps
  Line 1211:6:  React Hook useEffect has missing dependencies: 'blocks' and 'fetchBlocks'. Either include them or remove the dependency array                    react-hooks/exhaustive-deps
  Line 1220:6:  React Hook useEffect has missing dependencies: 'fetchUnits' and 'units'. Either include them or remove the dependency array                      react-hooks/exhaustive-deps
  Line 1229:6:  React Hook useEffect has missing dependencies: 'fetchTopics' and 'topics'. Either include them or remove the dependency array                    react-hooks/exhaustive-deps
  Line 1238:6:  React Hook useEffect has missing dependencies: 'fetchLessons' and 'lessons'. Either include them or remove the dependency array                  react-hooks/exhaustive-deps
  Line 1613:9:  'refreshAllData' is assigned a value but never used                                                                                              @typescript-eslint/no-unused-vars

src/components/TeacherDashboard.tsx
  Line 1:46:    'useMemo' is defined but never used                                                                                                                                                                                                                                   @typescript-eslint/no-unused-vars
  Line 50:14:   'RefreshIcon' is defined but never used                                                                                                                                                                                                                               @typescript-eslint/no-unused-vars
  Line 53:3:    'Edit' is defined but never used                                                                                                                                                                                                                                      @typescript-eslint/no-unused-vars
  Line 57:3:    'Public' is defined but never used                                                                                                                                                                                                                                    @typescript-eslint/no-unused-vars
  Line 58:3:    'Lock' is defined but never used                                                                                                                                                                                                                                      @typescript-eslint/no-unused-vars
  Line 224:6:   React Hook useEffect has an unnecessary dependency: 'materialCreatorRef.current'. Either exclude it or remove the dependency array. Mutable values like 'materialCreatorRef.current' aren't valid dependencies because mutating them doesn't re-render the component  react-hooks/exhaustive-deps
  Line 308:10:  'expandedAssignedFolders' is assigned a value but never used                                                                                                                                                                                                          @typescript-eslint/no-unused-vars
  Line 331:6:   React Hook useEffect has a missing dependency: 'fetchGroups'. Either include it or remove the dependency array                                                                                                                                                        react-hooks/exhaustive-deps
  Line 547:6:   React Hook useEffect has a missing dependency: 'fetchFlashcardDecks'. Either include it or remove the dependency array                                                                                                                                                react-hooks/exhaustive-deps
  Line 554:6:   React Hook useEffect has missing dependencies: 'fetchFlashcardAssignments' and 'flashcardDecks'. Either include them or remove the dependency array                                                                                                                   react-hooks/exhaustive-deps
  Line 559:6:   React Hook useEffect has a missing dependency: 'fetchGroups'. Either include it or remove the dependency array                                                                                                                                                        react-hooks/exhaustive-deps
  Line 566:6:   React Hook useEffect has a missing dependency: 'fetchFlashcardAssignments'. Either include it or remove the dependency array                                                                                                                                          react-hooks/exhaustive-deps
  Line 647:6:   React Hook useEffect has a missing dependency: 'ensureMiniGrades'. Either include it or remove the dependency array                                                                                                                                                   react-hooks/exhaustive-deps
  Line 753:9:   'toggleAssignedFolderExpanded' is assigned a value but never used                                                                                                                                                                                                     @typescript-eslint/no-unused-vars
  Line 1913:9:  'handleGroupClick' is assigned a value but never used                                                                                                                                                                                                                 @typescript-eslint/no-unused-vars
  Line 2091:9:  'groupLeavesBySecondLevel' is assigned a value but never used                                                                                                                                                                                                         @typescript-eslint/no-unused-vars
  Line 2096:9:  'shouldHideRoot' is assigned a value but never used                                                                                                                                                                                                                   @typescript-eslint/no-unused-vars
  Line 2102:9:  'sortNodesByPriority' is assigned a value but never used                                                                                                                                                                                                              @typescript-eslint/no-unused-vars
  Line 2216:9:  'handleStudentMenuOpen' is assigned a value but never used                                                                                                                                                                                                            @typescript-eslint/no-unused-vars
  Line 2266:9:  'testMaterialCreatorRef' is assigned a value but never used                                                                                                                                                                                                           @typescript-eslint/no-unused-vars
  Line 2514:6:  React Hook useEffect has a missing dependency: 'checkAllQuizStatuses'. Either include it or remove the dependency array                                                                                                                                               react-hooks/exhaustive-deps
  Line 2554:9:  'handleCreateDeck' is assigned a value but never used                                                                                                                                                                                                                 @typescript-eslint/no-unused-vars
  Line 2669:9:  'handleViewCards' is assigned a value but never used                                                                                                                                                                                                                  @typescript-eslint/no-unused-vars
  Line 2731:9:  'refreshDeckCards' is assigned a value but never used                                                                                                                                                                                                                 @typescript-eslint/no-unused-vars
  Line 3101:9:  'handleDeleteCard' is assigned a value but never used                                                                                                                                                                                                                 @typescript-eslint/no-unused-vars

src/components/game/BottomNavigation.tsx
  Line 39:6:  React Hook useEffect has a missing dependency: 'tabs'. Either include it or remove the dependency array  react-hooks/exhaustive-deps

src/components/game/MapContainer.tsx
  Line 1:10:  'useState' is defined but never used   @typescript-eslint/no-unused-vars
  Line 1:28:  'useEffect' is defined but never used  @typescript-eslint/no-unused-vars

src/components/game/TopicSelector.tsx
  Line 3:10:  'Card' is defined but never used             @typescript-eslint/no-unused-vars
  Line 3:16:  'CardContent' is defined but never used      @typescript-eslint/no-unused-vars
  Line 3:29:  'CardDescription' is defined but never used  @typescript-eslint/no-unused-vars
  Line 3:46:  'CardHeader' is defined but never used       @typescript-eslint/no-unused-vars
  Line 3:58:  'CardTitle' is defined but never used        @typescript-eslint/no-unused-vars
  Line 7:10:  'Tabs' is defined but never used             @typescript-eslint/no-unused-vars
  Line 7:16:  'TabsContent' is defined but never used      @typescript-eslint/no-unused-vars
  Line 7:29:  'TabsList' is defined but never used         @typescript-eslint/no-unused-vars
  Line 7:39:  'TabsTrigger' is defined but never used      @typescript-eslint/no-unused-vars
  Line 12:3:  'Shield' is defined but never used           @typescript-eslint/no-unused-vars

src/components/ui/card.tsx
  Line 32:3:  Headings must have content and the content must be accessible by a screen reader  jsx-a11y/heading-has-content

src/pages/FlashcardPage.tsx
  Line 97:10:  'isCreating' is assigned a value but never used           @typescript-eslint/no-unused-vars
  Line 276:9:  'handleStartPractice' is assigned a value but never used  @typescript-eslint/no-unused-vars
  Line 282:9:  'handleStartReview' is assigned a value but never used    @typescript-eslint/no-unused-vars

src/pages/GeoCodingQuest.tsx
  Line 61:9:   'navigate' is assigned a value but never used                                                                              @typescript-eslint/no-unused-vars
  Line 185:6:  React Hook useEffect has a missing dependency: 'updatePositionMutation'. Either include it or remove the dependency array  react-hooks/exhaustive-deps

src/pages/LearningGroupPage.tsx
  Line 8:3:    'Paper' is defined but never used                                                                                                              @typescript-eslint/no-unused-vars
  Line 125:6:  React Hook useEffect has missing dependencies: 'fetchAssignments' and 'fetchGroupDetails'. Either include them or remove the dependency array  react-hooks/exhaustive-deps

webpack compiled with 1 warning
Compiling...
No issues found.
Compiled with warnings.

[eslint] 
src/components/DeckBrowser.tsx
  Line 12:3:  'Play' is defined but never used    @typescript-eslint/no-unused-vars
  Line 13:3:  'Edit' is defined but never used    @typescript-eslint/no-unused-vars
  Line 14:3:  'Trash2' is defined but never used  @typescript-eslint/no-unused-vars

src/components/FileSystemPathManager.tsx
  Line 177:9:  'handleDeletePath' is assigned a value but never used  @typescript-eslint/no-unused-vars
  Line 188:9:  'handlePathSelect' is assigned a value but never used  @typescript-eslint/no-unused-vars

src/components/FlashcardPlayer.tsx
  Line 2:29:   'CardHeader' is defined but never used                      @typescript-eslint/no-unused-vars
  Line 2:41:   'CardTitle' is defined but never used                       @typescript-eslint/no-unused-vars
  Line 7:3:    'RotateCcw' is defined but never used                       @typescript-eslint/no-unused-vars
  Line 10:3:   'Star' is defined but never used                            @typescript-eslint/no-unused-vars
  Line 11:3:   'Play' is defined but never used                            @typescript-eslint/no-unused-vars
  Line 13:3:   'BarChart3' is defined but never used                       @typescript-eslint/no-unused-vars
  Line 14:3:   'Clock' is defined but never used                           @typescript-eslint/no-unused-vars
  Line 66:10:  'reviewQuality' is assigned a value but never used          @typescript-eslint/no-unused-vars
  Line 67:10:  'isReviewing' is assigned a value but never used            @typescript-eslint/no-unused-vars
  Line 95:9:   'isFirstCard' is assigned a value but never used            @typescript-eslint/no-unused-vars
  Line 149:9:  'flipCard' is assigned a value but never used               @typescript-eslint/no-unused-vars
  Line 153:9:  'handleQualitySelect' is assigned a value but never used    @typescript-eslint/no-unused-vars
  Line 185:9:  'resetSession' is assigned a value but never used           @typescript-eslint/no-unused-vars
  Line 197:9:  'getProgressPercentage' is assigned a value but never used  @typescript-eslint/no-unused-vars
  Line 202:9:  'getLevelColor' is assigned a value but never used          @typescript-eslint/no-unused-vars
  Line 214:9:  'getLevelText' is assigned a value but never used           @typescript-eslint/no-unused-vars

src/components/FolderAssignmentSelector.tsx
  Line 10:3:   'ListItem' is defined but never used                                                                                     @typescript-eslint/no-unused-vars
  Line 11:3:   'ListItemText' is defined but never used                                                                                 @typescript-eslint/no-unused-vars
  Line 12:3:   'ListItemIcon' is defined but never used                                                                                 @typescript-eslint/no-unused-vars
  Line 16:3:   'Divider' is defined but never used                                                                                      @typescript-eslint/no-unused-vars
  Line 24:18:  'FileIcon' is defined but never used                                                                                     @typescript-eslint/no-unused-vars
  Line 26:13:  'RemoveIcon' is defined but never used                                                                                   @typescript-eslint/no-unused-vars
  Line 80:6:   React Hook useEffect has a missing dependency: 'fetchAssignedFolders'. Either include it or remove the dependency array  react-hooks/exhaustive-deps

src/components/GradesModal.tsx
  Line 21:3:   'Card' is defined but never used                                                                                                                   @typescript-eslint/no-unused-vars
  Line 22:3:   'CardContent' is defined but never used                                                                                                            @typescript-eslint/no-unused-vars
  Line 132:6:  React Hook useCallback has missing dependencies: 'loadExistingGrades' and 'parseSchemaString'. Either include them or remove the dependency array  react-hooks/exhaustive-deps
  Line 436:9:  'formatGrade' is assigned a value but never used                                                                                                   @typescript-eslint/no-unused-vars
  Line 445:9:  'convertGermanGradeTextToNumber' is assigned a value but never used                                                                                @typescript-eslint/no-unused-vars
  Line 607:9:  'collectAllGrades' is assigned a value but never used                                                                                              @typescript-eslint/no-unused-vars

src/components/GradingSchemaManager.tsx
  Line 54:6:  React Hook useEffect has a missing dependency: 'fetchSchemas'. Either include it or remove the dependency array  react-hooks/exhaustive-deps

src/components/LessonContentDialog.tsx
  Line 326:6:  React Hook useEffect has missing dependencies: 'fetchLessonMaterials' and 'fetchLessonQuiz'. Either include them or remove the dependency array  react-hooks/exhaustive-deps

src/components/MaterialCreator.tsx
  Line 26:3:   'FormHelperText' is defined but never used                                                                           @typescript-eslint/no-unused-vars
  Line 37:13:  'FolderIcon' is defined but never used                                                                               @typescript-eslint/no-unused-vars
  Line 41:16:  'PlayIcon' is defined but never used                                                                                 @typescript-eslint/no-unused-vars
  Line 59:11:  'FileInfo' is defined but never used                                                                                 @typescript-eslint/no-unused-vars
  Line 159:9:  'handleMaterialDialogOpen' is assigned a value but never used                                                        @typescript-eslint/no-unused-vars
  Line 246:6:  React Hook useEffect has a missing dependency: 'loadGradeSchemas'. Either include it or remove the dependency array  react-hooks/exhaustive-deps
  Line 293:9:  'handleQuizDialogOpen' is assigned a value but never used                                                            @typescript-eslint/no-unused-vars
  Line 582:9:  'queryClient' is assigned a value but never used                                                                     @typescript-eslint/no-unused-vars

src/components/ProgressTracker.tsx
  Line 1:27:  'useEffect' is defined but never used    @typescript-eslint/no-unused-vars
  Line 7:3:   'Calendar' is defined but never used     @typescript-eslint/no-unused-vars
  Line 10:3:  'CheckCircle' is defined but never used  @typescript-eslint/no-unused-vars
  Line 11:3:  'XCircle' is defined but never used      @typescript-eslint/no-unused-vars

src/components/QuizAssignmentDialog.tsx
  Line 58:6:  React Hook useEffect has a missing dependency: 'fetchAvailableQuizzes'. Either include it or remove the dependency array  react-hooks/exhaustive-deps

src/components/QuizParticipationPlayer.tsx
  Line 123:6:   React Hook useEffect has missing dependencies: 'loadQuizData' and 'loadResults'. Either include them or remove the dependency array  react-hooks/exhaustive-deps
  Line 211:15:  'basePercentage' is assigned a value but never used                                                                                  @typescript-eslint/no-unused-vars
  Line 288:6:   React Hook useEffect has a missing dependency: 'finishQuiz'. Either include it or remove the dependency array                        react-hooks/exhaustive-deps

src/components/QuizPlayer.tsx
  Line 101:6:   React Hook useEffect has a missing dependency: 'finishQuiz'. Either include it or remove the dependency array  react-hooks/exhaustive-deps
  Line 154:11:  'baseScore' is assigned a value but never used                                                                 @typescript-eslint/no-unused-vars

src/components/QuizSessionManager.tsx
  Line 24:13:   'CancelIcon' is defined but never used                                                                                      @typescript-eslint/no-unused-vars
  Line 101:10:  'sessions' is assigned a value but never used                                                                               @typescript-eslint/no-unused-vars
  Line 101:20:  'setSessions' is assigned a value but never used                                                                            @typescript-eslint/no-unused-vars
  Line 158:6:   React Hook useEffect has a missing dependency: 'fetchQuizData'. Either include it or remove the dependency array            react-hooks/exhaustive-deps
  Line 165:6:   React Hook useEffect has a missing dependency: 'fetchLastSessionResults'. Either include it or remove the dependency array  react-hooks/exhaustive-deps
  Line 172:6:   React Hook useEffect has a missing dependency: 'fetchActiveSession'. Either include it or remove the dependency array       react-hooks/exhaustive-deps
  Line 297:15:  'results' is assigned a value but never used                                                                                @typescript-eslint/no-unused-vars
  Line 324:15:  'stats' is assigned a value but never used                                                                                  @typescript-eslint/no-unused-vars

src/components/QuizStartButton.tsx
  Line 27:10:  'quizTitle' is assigned a value but never used                                                                 @typescript-eslint/no-unused-vars
  Line 155:6:  React Hook useEffect has a missing dependency: 'quizStatus'. Either include it or remove the dependency array  react-hooks/exhaustive-deps
  Line 291:9:  'getButtonVariant' is assigned a value but never used                                                          @typescript-eslint/no-unused-vars
  Line 300:9:  'getButtonColor' is assigned a value but never used                                                            @typescript-eslint/no-unused-vars

src/components/QuizStatisticsModal.tsx
  Line 14:3:   'Divider' is defined but never used           @typescript-eslint/no-unused-vars
  Line 18:17:  'TrendingUpIcon' is defined but never used    @typescript-eslint/no-unused-vars
  Line 19:19:  'TrendingDownIcon' is defined but never used  @typescript-eslint/no-unused-vars
  Line 20:18:  'CheckIcon' is defined but never used         @typescript-eslint/no-unused-vars
  Line 21:13:  'CancelIcon' is defined but never used        @typescript-eslint/no-unused-vars

src/components/StudentDashboard.tsx
  Line 16:13:   'SchoolIcon' is defined but never used                                                                                                                           @typescript-eslint/no-unused-vars
  Line 141:10:  'expandedAssignedFolders' is assigned a value but never used                                                                                                     @typescript-eslint/no-unused-vars
  Line 340:9:   'toggleAssignedFolderExpanded' is assigned a value but never used                                                                                                @typescript-eslint/no-unused-vars
  Line 1769:6:  React Hook useEffect has missing dependencies: 'fetchAllContent', 'fetchAssignedFolders', and 'fetchGrades'. Either include them or remove the dependency array  react-hooks/exhaustive-deps

src/components/SubjectManager.tsx
  Line 2:35:    'Card' is defined but never used                                                                                                                 @typescript-eslint/no-unused-vars
  Line 2:41:    'CardContent' is defined but never used                                                                                                          @typescript-eslint/no-unused-vars
  Line 3:17:    'AddIcon' is defined but never used                                                                                                              @typescript-eslint/no-unused-vars
  Line 3:34:    'EditIcon' is defined but never used                                                                                                             @typescript-eslint/no-unused-vars
  Line 3:54:    'DeleteIcon' is defined but never used                                                                                                           @typescript-eslint/no-unused-vars
  Line 3:77:    'StorageIcon' is defined but never used                                                                                                          @typescript-eslint/no-unused-vars
  Line 3:172:   'CloseIcon' is defined but never used                                                                                                            @typescript-eslint/no-unused-vars
  Line 886:6:   React Hook useEffect has missing dependencies: 'fetchLessonMaterials' and 'fetchLessonQuiz'. Either include them or remove the dependency array  react-hooks/exhaustive-deps
  Line 1122:9:  'colors' is assigned a value but never used                                                                                                      @typescript-eslint/no-unused-vars
  Line 1202:6:  React Hook useEffect has a missing dependency: 'fetchSubjects'. Either include it or remove the dependency array                                 react-hooks/exhaustive-deps
  Line 1211:6:  React Hook useEffect has missing dependencies: 'blocks' and 'fetchBlocks'. Either include them or remove the dependency array                    react-hooks/exhaustive-deps
  Line 1220:6:  React Hook useEffect has missing dependencies: 'fetchUnits' and 'units'. Either include them or remove the dependency array                      react-hooks/exhaustive-deps
  Line 1229:6:  React Hook useEffect has missing dependencies: 'fetchTopics' and 'topics'. Either include them or remove the dependency array                    react-hooks/exhaustive-deps
  Line 1238:6:  React Hook useEffect has missing dependencies: 'fetchLessons' and 'lessons'. Either include them or remove the dependency array                  react-hooks/exhaustive-deps
  Line 1613:9:  'refreshAllData' is assigned a value but never used                                                                                              @typescript-eslint/no-unused-vars

src/components/TeacherDashboard.tsx
  Line 1:46:    'useMemo' is defined but never used                                                                                                                                                                                                                                   @typescript-eslint/no-unused-vars
  Line 50:14:   'RefreshIcon' is defined but never used                                                                                                                                                                                                                               @typescript-eslint/no-unused-vars
  Line 53:3:    'Edit' is defined but never used                                                                                                                                                                                                                                      @typescript-eslint/no-unused-vars
  Line 57:3:    'Public' is defined but never used                                                                                                                                                                                                                                    @typescript-eslint/no-unused-vars
  Line 58:3:    'Lock' is defined but never used                                                                                                                                                                                                                                      @typescript-eslint/no-unused-vars
  Line 224:6:   React Hook useEffect has an unnecessary dependency: 'materialCreatorRef.current'. Either exclude it or remove the dependency array. Mutable values like 'materialCreatorRef.current' aren't valid dependencies because mutating them doesn't re-render the component  react-hooks/exhaustive-deps
  Line 308:10:  'expandedAssignedFolders' is assigned a value but never used                                                                                                                                                                                                          @typescript-eslint/no-unused-vars
  Line 331:6:   React Hook useEffect has a missing dependency: 'fetchGroups'. Either include it or remove the dependency array                                                                                                                                                        react-hooks/exhaustive-deps
  Line 547:6:   React Hook useEffect has a missing dependency: 'fetchFlashcardDecks'. Either include it or remove the dependency array                                                                                                                                                react-hooks/exhaustive-deps
  Line 554:6:   React Hook useEffect has missing dependencies: 'fetchFlashcardAssignments' and 'flashcardDecks'. Either include them or remove the dependency array                                                                                                                   react-hooks/exhaustive-deps
  Line 559:6:   React Hook useEffect has a missing dependency: 'fetchGroups'. Either include it or remove the dependency array                                                                                                                                                        react-hooks/exhaustive-deps
  Line 566:6:   React Hook useEffect has a missing dependency: 'fetchFlashcardAssignments'. Either include it or remove the dependency array                                                                                                                                          react-hooks/exhaustive-deps
  Line 647:6:   React Hook useEffect has a missing dependency: 'ensureMiniGrades'. Either include it or remove the dependency array                                                                                                                                                   react-hooks/exhaustive-deps
  Line 753:9:   'toggleAssignedFolderExpanded' is assigned a value but never used                                                                                                                                                                                                     @typescript-eslint/no-unused-vars
  Line 1913:9:  'handleGroupClick' is assigned a value but never used                                                                                                                                                                                                                 @typescript-eslint/no-unused-vars
  Line 2091:9:  'groupLeavesBySecondLevel' is assigned a value but never used                                                                                                                                                                                                         @typescript-eslint/no-unused-vars
  Line 2096:9:  'shouldHideRoot' is assigned a value but never used                                                                                                                                                                                                                   @typescript-eslint/no-unused-vars
  Line 2102:9:  'sortNodesByPriority' is assigned a value but never used                                                                                                                                                                                                              @typescript-eslint/no-unused-vars
  Line 2216:9:  'handleStudentMenuOpen' is assigned a value but never used                                                                                                                                                                                                            @typescript-eslint/no-unused-vars
  Line 2266:9:  'testMaterialCreatorRef' is assigned a value but never used                                                                                                                                                                                                           @typescript-eslint/no-unused-vars
  Line 2514:6:  React Hook useEffect has a missing dependency: 'checkAllQuizStatuses'. Either include it or remove the dependency array                                                                                                                                               react-hooks/exhaustive-deps
  Line 2554:9:  'handleCreateDeck' is assigned a value but never used                                                                                                                                                                                                                 @typescript-eslint/no-unused-vars
  Line 2669:9:  'handleViewCards' is assigned a value but never used                                                                                                                                                                                                                  @typescript-eslint/no-unused-vars
  Line 2731:9:  'refreshDeckCards' is assigned a value but never used                                                                                                                                                                                                                 @typescript-eslint/no-unused-vars
  Line 3101:9:  'handleDeleteCard' is assigned a value but never used                                                                                                                                                                                                                 @typescript-eslint/no-unused-vars

src/components/game/BottomNavigation.tsx
  Line 39:6:  React Hook useEffect has a missing dependency: 'tabs'. Either include it or remove the dependency array  react-hooks/exhaustive-deps

src/components/game/MapContainer.tsx
  Line 1:10:  'useState' is defined but never used   @typescript-eslint/no-unused-vars
  Line 1:28:  'useEffect' is defined but never used  @typescript-eslint/no-unused-vars

src/components/game/TopicSelector.tsx
  Line 3:10:  'Card' is defined but never used             @typescript-eslint/no-unused-vars
  Line 3:16:  'CardContent' is defined but never used      @typescript-eslint/no-unused-vars
  Line 3:29:  'CardDescription' is defined but never used  @typescript-eslint/no-unused-vars
  Line 3:46:  'CardHeader' is defined but never used       @typescript-eslint/no-unused-vars
  Line 3:58:  'CardTitle' is defined but never used        @typescript-eslint/no-unused-vars
  Line 7:10:  'Tabs' is defined but never used             @typescript-eslint/no-unused-vars
  Line 7:16:  'TabsContent' is defined but never used      @typescript-eslint/no-unused-vars
  Line 7:29:  'TabsList' is defined but never used         @typescript-eslint/no-unused-vars
  Line 7:39:  'TabsTrigger' is defined but never used      @typescript-eslint/no-unused-vars
  Line 12:3:  'Shield' is defined but never used           @typescript-eslint/no-unused-vars

src/components/ui/card.tsx
  Line 32:3:  Headings must have content and the content must be accessible by a screen reader  jsx-a11y/heading-has-content

src/pages/FlashcardPage.tsx
  Line 97:10:  'isCreating' is assigned a value but never used           @typescript-eslint/no-unused-vars
  Line 276:9:  'handleStartPractice' is assigned a value but never used  @typescript-eslint/no-unused-vars
  Line 282:9:  'handleStartReview' is assigned a value but never used    @typescript-eslint/no-unused-vars

src/pages/GeoCodingQuest.tsx
  Line 61:9:   'navigate' is assigned a value but never used                                                                              @typescript-eslint/no-unused-vars
  Line 185:6:  React Hook useEffect has a missing dependency: 'updatePositionMutation'. Either include it or remove the dependency array  react-hooks/exhaustive-deps

src/pages/LearningGroupPage.tsx
  Line 8:3:    'Paper' is defined but never used                                                                                                              @typescript-eslint/no-unused-vars
  Line 125:6:  React Hook useEffect has missing dependencies: 'fetchAssignments' and 'fetchGroupDetails'. Either include them or remove the dependency array  react-hooks/exhaustive-deps

Search for the keywords to learn more about each warning.
To ignore, add // eslint-disable-next-line to the line before.

WARNING in [eslint] 
src/components/DeckBrowser.tsx
  Line 12:3:  'Play' is defined but never used    @typescript-eslint/no-unused-vars
  Line 13:3:  'Edit' is defined but never used    @typescript-eslint/no-unused-vars
  Line 14:3:  'Trash2' is defined but never used  @typescript-eslint/no-unused-vars

src/components/FileSystemPathManager.tsx
  Line 177:9:  'handleDeletePath' is assigned a value but never used  @typescript-eslint/no-unused-vars
  Line 188:9:  'handlePathSelect' is assigned a value but never used  @typescript-eslint/no-unused-vars

src/components/FlashcardPlayer.tsx
  Line 2:29:   'CardHeader' is defined but never used                      @typescript-eslint/no-unused-vars
  Line 2:41:   'CardTitle' is defined but never used                       @typescript-eslint/no-unused-vars
  Line 7:3:    'RotateCcw' is defined but never used                       @typescript-eslint/no-unused-vars
  Line 10:3:   'Star' is defined but never used                            @typescript-eslint/no-unused-vars
  Line 11:3:   'Play' is defined but never used                            @typescript-eslint/no-unused-vars
  Line 13:3:   'BarChart3' is defined but never used                       @typescript-eslint/no-unused-vars
  Line 14:3:   'Clock' is defined but never used                           @typescript-eslint/no-unused-vars
  Line 66:10:  'reviewQuality' is assigned a value but never used          @typescript-eslint/no-unused-vars
  Line 67:10:  'isReviewing' is assigned a value but never used            @typescript-eslint/no-unused-vars
  Line 95:9:   'isFirstCard' is assigned a value but never used            @typescript-eslint/no-unused-vars
  Line 149:9:  'flipCard' is assigned a value but never used               @typescript-eslint/no-unused-vars
  Line 153:9:  'handleQualitySelect' is assigned a value but never used    @typescript-eslint/no-unused-vars
  Line 185:9:  'resetSession' is assigned a value but never used           @typescript-eslint/no-unused-vars
  Line 197:9:  'getProgressPercentage' is assigned a value but never used  @typescript-eslint/no-unused-vars
  Line 202:9:  'getLevelColor' is assigned a value but never used          @typescript-eslint/no-unused-vars
  Line 214:9:  'getLevelText' is assigned a value but never used           @typescript-eslint/no-unused-vars

src/components/FolderAssignmentSelector.tsx
  Line 10:3:   'ListItem' is defined but never used                                                                                     @typescript-eslint/no-unused-vars
  Line 11:3:   'ListItemText' is defined but never used                                                                                 @typescript-eslint/no-unused-vars
  Line 12:3:   'ListItemIcon' is defined but never used                                                                                 @typescript-eslint/no-unused-vars
  Line 16:3:   'Divider' is defined but never used                                                                                      @typescript-eslint/no-unused-vars
  Line 24:18:  'FileIcon' is defined but never used                                                                                     @typescript-eslint/no-unused-vars
  Line 26:13:  'RemoveIcon' is defined but never used                                                                                   @typescript-eslint/no-unused-vars
  Line 80:6:   React Hook useEffect has a missing dependency: 'fetchAssignedFolders'. Either include it or remove the dependency array  react-hooks/exhaustive-deps

src/components/GradesModal.tsx
  Line 21:3:   'Card' is defined but never used                                                                                                                   @typescript-eslint/no-unused-vars
  Line 22:3:   'CardContent' is defined but never used                                                                                                            @typescript-eslint/no-unused-vars
  Line 132:6:  React Hook useCallback has missing dependencies: 'loadExistingGrades' and 'parseSchemaString'. Either include them or remove the dependency array  react-hooks/exhaustive-deps
  Line 436:9:  'formatGrade' is assigned a value but never used                                                                                                   @typescript-eslint/no-unused-vars
  Line 445:9:  'convertGermanGradeTextToNumber' is assigned a value but never used                                                                                @typescript-eslint/no-unused-vars
  Line 607:9:  'collectAllGrades' is assigned a value but never used                                                                                              @typescript-eslint/no-unused-vars

src/components/GradingSchemaManager.tsx
  Line 54:6:  React Hook useEffect has a missing dependency: 'fetchSchemas'. Either include it or remove the dependency array  react-hooks/exhaustive-deps

src/components/LessonContentDialog.tsx
  Line 326:6:  React Hook useEffect has missing dependencies: 'fetchLessonMaterials' and 'fetchLessonQuiz'. Either include them or remove the dependency array  react-hooks/exhaustive-deps

src/components/MaterialCreator.tsx
  Line 26:3:   'FormHelperText' is defined but never used                                                                           @typescript-eslint/no-unused-vars
  Line 37:13:  'FolderIcon' is defined but never used                                                                               @typescript-eslint/no-unused-vars
  Line 41:16:  'PlayIcon' is defined but never used                                                                                 @typescript-eslint/no-unused-vars
  Line 59:11:  'FileInfo' is defined but never used                                                                                 @typescript-eslint/no-unused-vars
  Line 159:9:  'handleMaterialDialogOpen' is assigned a value but never used                                                        @typescript-eslint/no-unused-vars
  Line 246:6:  React Hook useEffect has a missing dependency: 'loadGradeSchemas'. Either include it or remove the dependency array  react-hooks/exhaustive-deps
  Line 293:9:  'handleQuizDialogOpen' is assigned a value but never used                                                            @typescript-eslint/no-unused-vars
  Line 582:9:  'queryClient' is assigned a value but never used                                                                     @typescript-eslint/no-unused-vars

src/components/ProgressTracker.tsx
  Line 1:27:  'useEffect' is defined but never used    @typescript-eslint/no-unused-vars
  Line 7:3:   'Calendar' is defined but never used     @typescript-eslint/no-unused-vars
  Line 10:3:  'CheckCircle' is defined but never used  @typescript-eslint/no-unused-vars
  Line 11:3:  'XCircle' is defined but never used      @typescript-eslint/no-unused-vars

src/components/QuizAssignmentDialog.tsx
  Line 58:6:  React Hook useEffect has a missing dependency: 'fetchAvailableQuizzes'. Either include it or remove the dependency array  react-hooks/exhaustive-deps

src/components/QuizParticipationPlayer.tsx
  Line 123:6:   React Hook useEffect has missing dependencies: 'loadQuizData' and 'loadResults'. Either include them or remove the dependency array  react-hooks/exhaustive-deps
  Line 211:15:  'basePercentage' is assigned a value but never used                                                                                  @typescript-eslint/no-unused-vars
  Line 288:6:   React Hook useEffect has a missing dependency: 'finishQuiz'. Either include it or remove the dependency array                        react-hooks/exhaustive-deps

src/components/QuizPlayer.tsx
  Line 101:6:   React Hook useEffect has a missing dependency: 'finishQuiz'. Either include it or remove the dependency array  react-hooks/exhaustive-deps
  Line 154:11:  'baseScore' is assigned a value but never used                                                                 @typescript-eslint/no-unused-vars

src/components/QuizSessionManager.tsx
  Line 24:13:   'CancelIcon' is defined but never used                                                                                      @typescript-eslint/no-unused-vars
  Line 101:10:  'sessions' is assigned a value but never used                                                                               @typescript-eslint/no-unused-vars
  Line 101:20:  'setSessions' is assigned a value but never used                                                                            @typescript-eslint/no-unused-vars
  Line 158:6:   React Hook useEffect has a missing dependency: 'fetchQuizData'. Either include it or remove the dependency array            react-hooks/exhaustive-deps
  Line 165:6:   React Hook useEffect has a missing dependency: 'fetchLastSessionResults'. Either include it or remove the dependency array  react-hooks/exhaustive-deps
  Line 172:6:   React Hook useEffect has a missing dependency: 'fetchActiveSession'. Either include it or remove the dependency array       react-hooks/exhaustive-deps
  Line 297:15:  'results' is assigned a value but never used                                                                                @typescript-eslint/no-unused-vars
  Line 324:15:  'stats' is assigned a value but never used                                                                                  @typescript-eslint/no-unused-vars

src/components/QuizStartButton.tsx
  Line 27:10:  'quizTitle' is assigned a value but never used                                                                 @typescript-eslint/no-unused-vars
  Line 155:6:  React Hook useEffect has a missing dependency: 'quizStatus'. Either include it or remove the dependency array  react-hooks/exhaustive-deps
  Line 291:9:  'getButtonVariant' is assigned a value but never used                                                          @typescript-eslint/no-unused-vars
  Line 300:9:  'getButtonColor' is assigned a value but never used                                                            @typescript-eslint/no-unused-vars

src/components/QuizStatisticsModal.tsx
  Line 14:3:   'Divider' is defined but never used           @typescript-eslint/no-unused-vars
  Line 18:17:  'TrendingUpIcon' is defined but never used    @typescript-eslint/no-unused-vars
  Line 19:19:  'TrendingDownIcon' is defined but never used  @typescript-eslint/no-unused-vars
  Line 20:18:  'CheckIcon' is defined but never used         @typescript-eslint/no-unused-vars
  Line 21:13:  'CancelIcon' is defined but never used        @typescript-eslint/no-unused-vars

src/components/StudentDashboard.tsx
  Line 16:13:   'SchoolIcon' is defined but never used                                                                                                                           @typescript-eslint/no-unused-vars
  Line 141:10:  'expandedAssignedFolders' is assigned a value but never used                                                                                                     @typescript-eslint/no-unused-vars
  Line 340:9:   'toggleAssignedFolderExpanded' is assigned a value but never used                                                                                                @typescript-eslint/no-unused-vars
  Line 1769:6:  React Hook useEffect has missing dependencies: 'fetchAllContent', 'fetchAssignedFolders', and 'fetchGrades'. Either include them or remove the dependency array  react-hooks/exhaustive-deps

src/components/SubjectManager.tsx
  Line 2:35:    'Card' is defined but never used                                                                                                                 @typescript-eslint/no-unused-vars
  Line 2:41:    'CardContent' is defined but never used                                                                                                          @typescript-eslint/no-unused-vars
  Line 3:17:    'AddIcon' is defined but never used                                                                                                              @typescript-eslint/no-unused-vars
  Line 3:34:    'EditIcon' is defined but never used                                                                                                             @typescript-eslint/no-unused-vars
  Line 3:54:    'DeleteIcon' is defined but never used                                                                                                           @typescript-eslint/no-unused-vars
  Line 3:77:    'StorageIcon' is defined but never used                                                                                                          @typescript-eslint/no-unused-vars
  Line 3:172:   'CloseIcon' is defined but never used                                                                                                            @typescript-eslint/no-unused-vars
  Line 886:6:   React Hook useEffect has missing dependencies: 'fetchLessonMaterials' and 'fetchLessonQuiz'. Either include them or remove the dependency array  react-hooks/exhaustive-deps
  Line 1122:9:  'colors' is assigned a value but never used                                                                                                      @typescript-eslint/no-unused-vars
  Line 1202:6:  React Hook useEffect has a missing dependency: 'fetchSubjects'. Either include it or remove the dependency array                                 react-hooks/exhaustive-deps
  Line 1211:6:  React Hook useEffect has missing dependencies: 'blocks' and 'fetchBlocks'. Either include them or remove the dependency array                    react-hooks/exhaustive-deps
  Line 1220:6:  React Hook useEffect has missing dependencies: 'fetchUnits' and 'units'. Either include them or remove the dependency array                      react-hooks/exhaustive-deps
  Line 1229:6:  React Hook useEffect has missing dependencies: 'fetchTopics' and 'topics'. Either include them or remove the dependency array                    react-hooks/exhaustive-deps
  Line 1238:6:  React Hook useEffect has missing dependencies: 'fetchLessons' and 'lessons'. Either include them or remove the dependency array                  react-hooks/exhaustive-deps
  Line 1613:9:  'refreshAllData' is assigned a value but never used                                                                                              @typescript-eslint/no-unused-vars

src/components/TeacherDashboard.tsx
  Line 1:46:    'useMemo' is defined but never used                                                                                                                                                                                                                                   @typescript-eslint/no-unused-vars
  Line 50:14:   'RefreshIcon' is defined but never used                                                                                                                                                                                                                               @typescript-eslint/no-unused-vars
  Line 53:3:    'Edit' is defined but never used                                                                                                                                                                                                                                      @typescript-eslint/no-unused-vars
  Line 57:3:    'Public' is defined but never used                                                                                                                                                                                                                                    @typescript-eslint/no-unused-vars
  Line 58:3:    'Lock' is defined but never used                                                                                                                                                                                                                                      @typescript-eslint/no-unused-vars
  Line 224:6:   React Hook useEffect has an unnecessary dependency: 'materialCreatorRef.current'. Either exclude it or remove the dependency array. Mutable values like 'materialCreatorRef.current' aren't valid dependencies because mutating them doesn't re-render the component  react-hooks/exhaustive-deps
  Line 308:10:  'expandedAssignedFolders' is assigned a value but never used                                                                                                                                                                                                          @typescript-eslint/no-unused-vars
  Line 331:6:   React Hook useEffect has a missing dependency: 'fetchGroups'. Either include it or remove the dependency array                                                                                                                                                        react-hooks/exhaustive-deps
  Line 547:6:   React Hook useEffect has a missing dependency: 'fetchFlashcardDecks'. Either include it or remove the dependency array                                                                                                                                                react-hooks/exhaustive-deps
  Line 554:6:   React Hook useEffect has missing dependencies: 'fetchFlashcardAssignments' and 'flashcardDecks'. Either include them or remove the dependency array                                                                                                                   react-hooks/exhaustive-deps
  Line 559:6:   React Hook useEffect has a missing dependency: 'fetchGroups'. Either include it or remove the dependency array                                                                                                                                                        react-hooks/exhaustive-deps
  Line 566:6:   React Hook useEffect has a missing dependency: 'fetchFlashcardAssignments'. Either include it or remove the dependency array                                                                                                                                          react-hooks/exhaustive-deps
  Line 647:6:   React Hook useEffect has a missing dependency: 'ensureMiniGrades'. Either include it or remove the dependency array                                                                                                                                                   react-hooks/exhaustive-deps
  Line 753:9:   'toggleAssignedFolderExpanded' is assigned a value but never used                                                                                                                                                                                                     @typescript-eslint/no-unused-vars
  Line 1913:9:  'handleGroupClick' is assigned a value but never used                                                                                                                                                                                                                 @typescript-eslint/no-unused-vars
  Line 2091:9:  'groupLeavesBySecondLevel' is assigned a value but never used                                                                                                                                                                                                         @typescript-eslint/no-unused-vars
  Line 2096:9:  'shouldHideRoot' is assigned a value but never used                                                                                                                                                                                                                   @typescript-eslint/no-unused-vars
  Line 2102:9:  'sortNodesByPriority' is assigned a value but never used                                                                                                                                                                                                              @typescript-eslint/no-unused-vars
  Line 2216:9:  'handleStudentMenuOpen' is assigned a value but never used                                                                                                                                                                                                            @typescript-eslint/no-unused-vars
  Line 2266:9:  'testMaterialCreatorRef' is assigned a value but never used                                                                                                                                                                                                           @typescript-eslint/no-unused-vars
  Line 2514:6:  React Hook useEffect has a missing dependency: 'checkAllQuizStatuses'. Either include it or remove the dependency array                                                                                                                                               react-hooks/exhaustive-deps
  Line 2554:9:  'handleCreateDeck' is assigned a value but never used                                                                                                                                                                                                                 @typescript-eslint/no-unused-vars
  Line 2669:9:  'handleViewCards' is assigned a value but never used                                                                                                                                                                                                                  @typescript-eslint/no-unused-vars
  Line 2731:9:  'refreshDeckCards' is assigned a value but never used                                                                                                                                                                                                                 @typescript-eslint/no-unused-vars
  Line 3101:9:  'handleDeleteCard' is assigned a value but never used                                                                                                                                                                                                                 @typescript-eslint/no-unused-vars

src/components/game/BottomNavigation.tsx
  Line 39:6:  React Hook useEffect has a missing dependency: 'tabs'. Either include it or remove the dependency array  react-hooks/exhaustive-deps

src/components/game/MapContainer.tsx
  Line 1:10:  'useState' is defined but never used   @typescript-eslint/no-unused-vars
  Line 1:28:  'useEffect' is defined but never used  @typescript-eslint/no-unused-vars

src/components/game/TopicSelector.tsx
  Line 3:10:  'Card' is defined but never used             @typescript-eslint/no-unused-vars
  Line 3:16:  'CardContent' is defined but never used      @typescript-eslint/no-unused-vars
  Line 3:29:  'CardDescription' is defined but never used  @typescript-eslint/no-unused-vars
  Line 3:46:  'CardHeader' is defined but never used       @typescript-eslint/no-unused-vars
  Line 3:58:  'CardTitle' is defined but never used        @typescript-eslint/no-unused-vars
  Line 7:10:  'Tabs' is defined but never used             @typescript-eslint/no-unused-vars
  Line 7:16:  'TabsContent' is defined but never used      @typescript-eslint/no-unused-vars
  Line 7:29:  'TabsList' is defined but never used         @typescript-eslint/no-unused-vars
  Line 7:39:  'TabsTrigger' is defined but never used      @typescript-eslint/no-unused-vars
  Line 12:3:  'Shield' is defined but never used           @typescript-eslint/no-unused-vars

src/components/ui/card.tsx
  Line 32:3:  Headings must have content and the content must be accessible by a screen reader  jsx-a11y/heading-has-content

src/pages/FlashcardPage.tsx
  Line 97:10:  'isCreating' is assigned a value but never used           @typescript-eslint/no-unused-vars
  Line 276:9:  'handleStartPractice' is assigned a value but never used  @typescript-eslint/no-unused-vars
  Line 282:9:  'handleStartReview' is assigned a value but never used    @typescript-eslint/no-unused-vars

src/pages/GeoCodingQuest.tsx
  Line 61:9:   'navigate' is assigned a value but never used                                                                              @typescript-eslint/no-unused-vars
  Line 185:6:  React Hook useEffect has a missing dependency: 'updatePositionMutation'. Either include it or remove the dependency array  react-hooks/exhaustive-deps

src/pages/LearningGroupPage.tsx
  Line 8:3:    'Paper' is defined but never used                                                                                                              @typescript-eslint/no-unused-vars
  Line 125:6:  React Hook useEffect has missing dependencies: 'fetchAssignments' and 'fetchGroupDetails'. Either include them or remove the dependency array  react-hooks/exhaustive-deps

webpack compiled with 1 warning
No issues found.
Proxy error: Could not proxy request /api/auth/login from localhost:3003 to http://localhost:3002.
See https://nodejs.org/api/errors.html#errors_common_system_errors for more information (ECONNREFUSED).

Compiling...
Compiled with warnings.

[eslint] 
src/components/DeckBrowser.tsx
  Line 12:3:  'Play' is defined but never used    @typescript-eslint/no-unused-vars
  Line 13:3:  'Edit' is defined but never used    @typescript-eslint/no-unused-vars
  Line 14:3:  'Trash2' is defined but never used  @typescript-eslint/no-unused-vars

src/components/FileSystemPathManager.tsx
  Line 177:9:  'handleDeletePath' is assigned a value but never used  @typescript-eslint/no-unused-vars
  Line 188:9:  'handlePathSelect' is assigned a value but never used  @typescript-eslint/no-unused-vars

src/components/FlashcardPlayer.tsx
  Line 2:29:   'CardHeader' is defined but never used                      @typescript-eslint/no-unused-vars
  Line 2:41:   'CardTitle' is defined but never used                       @typescript-eslint/no-unused-vars
  Line 7:3:    'RotateCcw' is defined but never used                       @typescript-eslint/no-unused-vars
  Line 10:3:   'Star' is defined but never used                            @typescript-eslint/no-unused-vars
  Line 11:3:   'Play' is defined but never used                            @typescript-eslint/no-unused-vars
  Line 13:3:   'BarChart3' is defined but never used                       @typescript-eslint/no-unused-vars
  Line 14:3:   'Clock' is defined but never used                           @typescript-eslint/no-unused-vars
  Line 66:10:  'reviewQuality' is assigned a value but never used          @typescript-eslint/no-unused-vars
  Line 67:10:  'isReviewing' is assigned a value but never used            @typescript-eslint/no-unused-vars
  Line 95:9:   'isFirstCard' is assigned a value but never used            @typescript-eslint/no-unused-vars
  Line 149:9:  'flipCard' is assigned a value but never used               @typescript-eslint/no-unused-vars
  Line 153:9:  'handleQualitySelect' is assigned a value but never used    @typescript-eslint/no-unused-vars
  Line 185:9:  'resetSession' is assigned a value but never used           @typescript-eslint/no-unused-vars
  Line 197:9:  'getProgressPercentage' is assigned a value but never used  @typescript-eslint/no-unused-vars
  Line 202:9:  'getLevelColor' is assigned a value but never used          @typescript-eslint/no-unused-vars
  Line 214:9:  'getLevelText' is assigned a value but never used           @typescript-eslint/no-unused-vars

src/components/FolderAssignmentSelector.tsx
  Line 10:3:   'ListItem' is defined but never used                                                                                     @typescript-eslint/no-unused-vars
  Line 11:3:   'ListItemText' is defined but never used                                                                                 @typescript-eslint/no-unused-vars
  Line 12:3:   'ListItemIcon' is defined but never used                                                                                 @typescript-eslint/no-unused-vars
  Line 16:3:   'Divider' is defined but never used                                                                                      @typescript-eslint/no-unused-vars
  Line 24:18:  'FileIcon' is defined but never used                                                                                     @typescript-eslint/no-unused-vars
  Line 26:13:  'RemoveIcon' is defined but never used                                                                                   @typescript-eslint/no-unused-vars
  Line 80:6:   React Hook useEffect has a missing dependency: 'fetchAssignedFolders'. Either include it or remove the dependency array  react-hooks/exhaustive-deps

src/components/GradesModal.tsx
  Line 21:3:   'Card' is defined but never used                                                                                                                   @typescript-eslint/no-unused-vars
  Line 22:3:   'CardContent' is defined but never used                                                                                                            @typescript-eslint/no-unused-vars
  Line 132:6:  React Hook useCallback has missing dependencies: 'loadExistingGrades' and 'parseSchemaString'. Either include them or remove the dependency array  react-hooks/exhaustive-deps
  Line 436:9:  'formatGrade' is assigned a value but never used                                                                                                   @typescript-eslint/no-unused-vars
  Line 445:9:  'convertGermanGradeTextToNumber' is assigned a value but never used                                                                                @typescript-eslint/no-unused-vars
  Line 607:9:  'collectAllGrades' is assigned a value but never used                                                                                              @typescript-eslint/no-unused-vars

src/components/GradingSchemaManager.tsx
  Line 54:6:  React Hook useEffect has a missing dependency: 'fetchSchemas'. Either include it or remove the dependency array  react-hooks/exhaustive-deps

src/components/LessonContentDialog.tsx
  Line 326:6:  React Hook useEffect has missing dependencies: 'fetchLessonMaterials' and 'fetchLessonQuiz'. Either include them or remove the dependency array  react-hooks/exhaustive-deps

src/components/MaterialCreator.tsx
  Line 26:3:   'FormHelperText' is defined but never used                                                                           @typescript-eslint/no-unused-vars
  Line 37:13:  'FolderIcon' is defined but never used                                                                               @typescript-eslint/no-unused-vars
  Line 41:16:  'PlayIcon' is defined but never used                                                                                 @typescript-eslint/no-unused-vars
  Line 59:11:  'FileInfo' is defined but never used                                                                                 @typescript-eslint/no-unused-vars
  Line 159:9:  'handleMaterialDialogOpen' is assigned a value but never used                                                        @typescript-eslint/no-unused-vars
  Line 246:6:  React Hook useEffect has a missing dependency: 'loadGradeSchemas'. Either include it or remove the dependency array  react-hooks/exhaustive-deps
  Line 293:9:  'handleQuizDialogOpen' is assigned a value but never used                                                            @typescript-eslint/no-unused-vars
  Line 582:9:  'queryClient' is assigned a value but never used                                                                     @typescript-eslint/no-unused-vars

src/components/ProgressTracker.tsx
  Line 1:27:  'useEffect' is defined but never used    @typescript-eslint/no-unused-vars
  Line 7:3:   'Calendar' is defined but never used     @typescript-eslint/no-unused-vars
  Line 10:3:  'CheckCircle' is defined but never used  @typescript-eslint/no-unused-vars
  Line 11:3:  'XCircle' is defined but never used      @typescript-eslint/no-unused-vars

src/components/QuizAssignmentDialog.tsx
  Line 58:6:  React Hook useEffect has a missing dependency: 'fetchAvailableQuizzes'. Either include it or remove the dependency array  react-hooks/exhaustive-deps

src/components/QuizParticipationPlayer.tsx
  Line 123:6:   React Hook useEffect has missing dependencies: 'loadQuizData' and 'loadResults'. Either include them or remove the dependency array  react-hooks/exhaustive-deps
  Line 211:15:  'basePercentage' is assigned a value but never used                                                                                  @typescript-eslint/no-unused-vars
  Line 288:6:   React Hook useEffect has a missing dependency: 'finishQuiz'. Either include it or remove the dependency array                        react-hooks/exhaustive-deps

src/components/QuizPlayer.tsx
  Line 101:6:   React Hook useEffect has a missing dependency: 'finishQuiz'. Either include it or remove the dependency array  react-hooks/exhaustive-deps
  Line 154:11:  'baseScore' is assigned a value but never used                                                                 @typescript-eslint/no-unused-vars

src/components/QuizSessionManager.tsx
  Line 24:13:   'CancelIcon' is defined but never used                                                                                      @typescript-eslint/no-unused-vars
  Line 101:10:  'sessions' is assigned a value but never used                                                                               @typescript-eslint/no-unused-vars
  Line 101:20:  'setSessions' is assigned a value but never used                                                                            @typescript-eslint/no-unused-vars
  Line 158:6:   React Hook useEffect has a missing dependency: 'fetchQuizData'. Either include it or remove the dependency array            react-hooks/exhaustive-deps
  Line 165:6:   React Hook useEffect has a missing dependency: 'fetchLastSessionResults'. Either include it or remove the dependency array  react-hooks/exhaustive-deps
  Line 172:6:   React Hook useEffect has a missing dependency: 'fetchActiveSession'. Either include it or remove the dependency array       react-hooks/exhaustive-deps
  Line 297:15:  'results' is assigned a value but never used                                                                                @typescript-eslint/no-unused-vars
  Line 324:15:  'stats' is assigned a value but never used                                                                                  @typescript-eslint/no-unused-vars

src/components/QuizStartButton.tsx
  Line 27:10:  'quizTitle' is assigned a value but never used                                                                 @typescript-eslint/no-unused-vars
  Line 155:6:  React Hook useEffect has a missing dependency: 'quizStatus'. Either include it or remove the dependency array  react-hooks/exhaustive-deps
  Line 291:9:  'getButtonVariant' is assigned a value but never used                                                          @typescript-eslint/no-unused-vars
  Line 300:9:  'getButtonColor' is assigned a value but never used                                                            @typescript-eslint/no-unused-vars

src/components/QuizStatisticsModal.tsx
  Line 14:3:   'Divider' is defined but never used           @typescript-eslint/no-unused-vars
  Line 18:17:  'TrendingUpIcon' is defined but never used    @typescript-eslint/no-unused-vars
  Line 19:19:  'TrendingDownIcon' is defined but never used  @typescript-eslint/no-unused-vars
  Line 20:18:  'CheckIcon' is defined but never used         @typescript-eslint/no-unused-vars
  Line 21:13:  'CancelIcon' is defined but never used        @typescript-eslint/no-unused-vars

src/components/StudentDashboard.tsx
  Line 16:13:   'SchoolIcon' is defined but never used                                                                                                                           @typescript-eslint/no-unused-vars
  Line 141:10:  'expandedAssignedFolders' is assigned a value but never used                                                                                                     @typescript-eslint/no-unused-vars
  Line 340:9:   'toggleAssignedFolderExpanded' is assigned a value but never used                                                                                                @typescript-eslint/no-unused-vars
  Line 1769:6:  React Hook useEffect has missing dependencies: 'fetchAllContent', 'fetchAssignedFolders', and 'fetchGrades'. Either include them or remove the dependency array  react-hooks/exhaustive-deps

src/components/SubjectManager.tsx
  Line 2:35:    'Card' is defined but never used                                                                                                                 @typescript-eslint/no-unused-vars
  Line 2:41:    'CardContent' is defined but never used                                                                                                          @typescript-eslint/no-unused-vars
  Line 3:17:    'AddIcon' is defined but never used                                                                                                              @typescript-eslint/no-unused-vars
  Line 3:34:    'EditIcon' is defined but never used                                                                                                             @typescript-eslint/no-unused-vars
  Line 3:54:    'DeleteIcon' is defined but never used                                                                                                           @typescript-eslint/no-unused-vars
  Line 3:77:    'StorageIcon' is defined but never used                                                                                                          @typescript-eslint/no-unused-vars
  Line 3:172:   'CloseIcon' is defined but never used                                                                                                            @typescript-eslint/no-unused-vars
  Line 886:6:   React Hook useEffect has missing dependencies: 'fetchLessonMaterials' and 'fetchLessonQuiz'. Either include them or remove the dependency array  react-hooks/exhaustive-deps
  Line 1122:9:  'colors' is assigned a value but never used                                                                                                      @typescript-eslint/no-unused-vars
  Line 1202:6:  React Hook useEffect has a missing dependency: 'fetchSubjects'. Either include it or remove the dependency array                                 react-hooks/exhaustive-deps
  Line 1211:6:  React Hook useEffect has missing dependencies: 'blocks' and 'fetchBlocks'. Either include them or remove the dependency array                    react-hooks/exhaustive-deps
  Line 1220:6:  React Hook useEffect has missing dependencies: 'fetchUnits' and 'units'. Either include them or remove the dependency array                      react-hooks/exhaustive-deps
  Line 1229:6:  React Hook useEffect has missing dependencies: 'fetchTopics' and 'topics'. Either include them or remove the dependency array                    react-hooks/exhaustive-deps
  Line 1238:6:  React Hook useEffect has missing dependencies: 'fetchLessons' and 'lessons'. Either include them or remove the dependency array                  react-hooks/exhaustive-deps
  Line 1613:9:  'refreshAllData' is assigned a value but never used                                                                                              @typescript-eslint/no-unused-vars

src/components/TeacherDashboard.tsx
  Line 1:46:    'useMemo' is defined but never used                                                                                                                                                                                                                                   @typescript-eslint/no-unused-vars
  Line 50:14:   'RefreshIcon' is defined but never used                                                                                                                                                                                                                               @typescript-eslint/no-unused-vars
  Line 53:3:    'Edit' is defined but never used                                                                                                                                                                                                                                      @typescript-eslint/no-unused-vars
  Line 56:3:    'Description' is defined but never used                                                                                                                                                                                                                               @typescript-eslint/no-unused-vars
  Line 57:3:    'Public' is defined but never used                                                                                                                                                                                                                                    @typescript-eslint/no-unused-vars
  Line 58:3:    'Lock' is defined but never used                                                                                                                                                                                                                                      @typescript-eslint/no-unused-vars
  Line 224:6:   React Hook useEffect has an unnecessary dependency: 'materialCreatorRef.current'. Either exclude it or remove the dependency array. Mutable values like 'materialCreatorRef.current' aren't valid dependencies because mutating them doesn't re-render the component  react-hooks/exhaustive-deps
  Line 308:10:  'expandedAssignedFolders' is assigned a value but never used                                                                                                                                                                                                          @typescript-eslint/no-unused-vars
  Line 331:6:   React Hook useEffect has a missing dependency: 'fetchGroups'. Either include it or remove the dependency array                                                                                                                                                        react-hooks/exhaustive-deps
  Line 547:6:   React Hook useEffect has a missing dependency: 'fetchFlashcardDecks'. Either include it or remove the dependency array                                                                                                                                                react-hooks/exhaustive-deps
  Line 554:6:   React Hook useEffect has missing dependencies: 'fetchFlashcardAssignments' and 'flashcardDecks'. Either include them or remove the dependency array                                                                                                                   react-hooks/exhaustive-deps
  Line 559:6:   React Hook useEffect has a missing dependency: 'fetchGroups'. Either include it or remove the dependency array                                                                                                                                                        react-hooks/exhaustive-deps
  Line 566:6:   React Hook useEffect has a missing dependency: 'fetchFlashcardAssignments'. Either include it or remove the dependency array                                                                                                                                          react-hooks/exhaustive-deps
  Line 647:6:   React Hook useEffect has a missing dependency: 'ensureMiniGrades'. Either include it or remove the dependency array                                                                                                                                                   react-hooks/exhaustive-deps
  Line 753:9:   'toggleAssignedFolderExpanded' is assigned a value but never used                                                                                                                                                                                                     @typescript-eslint/no-unused-vars
  Line 1913:9:  'handleGroupClick' is assigned a value but never used                                                                                                                                                                                                                 @typescript-eslint/no-unused-vars
  Line 2091:9:  'groupLeavesBySecondLevel' is assigned a value but never used                                                                                                                                                                                                         @typescript-eslint/no-unused-vars
  Line 2096:9:  'shouldHideRoot' is assigned a value but never used                                                                                                                                                                                                                   @typescript-eslint/no-unused-vars
  Line 2102:9:  'sortNodesByPriority' is assigned a value but never used                                                                                                                                                                                                              @typescript-eslint/no-unused-vars
  Line 2216:9:  'handleStudentMenuOpen' is assigned a value but never used                                                                                                                                                                                                            @typescript-eslint/no-unused-vars
  Line 2266:9:  'testMaterialCreatorRef' is assigned a value but never used                                                                                                                                                                                                           @typescript-eslint/no-unused-vars
  Line 2514:6:  React Hook useEffect has a missing dependency: 'checkAllQuizStatuses'. Either include it or remove the dependency array                                                                                                                                               react-hooks/exhaustive-deps
  Line 2554:9:  'handleCreateDeck' is assigned a value but never used                                                                                                                                                                                                                 @typescript-eslint/no-unused-vars
  Line 2669:9:  'handleViewCards' is assigned a value but never used                                                                                                                                                                                                                  @typescript-eslint/no-unused-vars
  Line 2731:9:  'refreshDeckCards' is assigned a value but never used                                                                                                                                                                                                                 @typescript-eslint/no-unused-vars
  Line 3046:9:  'handleDeleteCard' is assigned a value but never used                                                                                                                                                                                                                 @typescript-eslint/no-unused-vars

src/components/game/BottomNavigation.tsx
  Line 39:6:  React Hook useEffect has a missing dependency: 'tabs'. Either include it or remove the dependency array  react-hooks/exhaustive-deps

src/components/game/MapContainer.tsx
  Line 1:10:  'useState' is defined but never used   @typescript-eslint/no-unused-vars
  Line 1:28:  'useEffect' is defined but never used  @typescript-eslint/no-unused-vars

src/components/game/TopicSelector.tsx
  Line 3:10:  'Card' is defined but never used             @typescript-eslint/no-unused-vars
  Line 3:16:  'CardContent' is defined but never used      @typescript-eslint/no-unused-vars
  Line 3:29:  'CardDescription' is defined but never used  @typescript-eslint/no-unused-vars
  Line 3:46:  'CardHeader' is defined but never used       @typescript-eslint/no-unused-vars
  Line 3:58:  'CardTitle' is defined but never used        @typescript-eslint/no-unused-vars
  Line 7:10:  'Tabs' is defined but never used             @typescript-eslint/no-unused-vars
  Line 7:16:  'TabsContent' is defined but never used      @typescript-eslint/no-unused-vars
  Line 7:29:  'TabsList' is defined but never used         @typescript-eslint/no-unused-vars
  Line 7:39:  'TabsTrigger' is defined but never used      @typescript-eslint/no-unused-vars
  Line 12:3:  'Shield' is defined but never used           @typescript-eslint/no-unused-vars

src/components/ui/card.tsx
  Line 32:3:  Headings must have content and the content must be accessible by a screen reader  jsx-a11y/heading-has-content

src/pages/FlashcardPage.tsx
  Line 97:10:  'isCreating' is assigned a value but never used           @typescript-eslint/no-unused-vars
  Line 276:9:  'handleStartPractice' is assigned a value but never used  @typescript-eslint/no-unused-vars
  Line 282:9:  'handleStartReview' is assigned a value but never used    @typescript-eslint/no-unused-vars

src/pages/GeoCodingQuest.tsx
  Line 61:9:   'navigate' is assigned a value but never used                                                                              @typescript-eslint/no-unused-vars
  Line 185:6:  React Hook useEffect has a missing dependency: 'updatePositionMutation'. Either include it or remove the dependency array  react-hooks/exhaustive-deps

src/pages/LearningGroupPage.tsx
  Line 8:3:    'Paper' is defined but never used                                                                                                              @typescript-eslint/no-unused-vars
  Line 125:6:  React Hook useEffect has missing dependencies: 'fetchAssignments' and 'fetchGroupDetails'. Either include them or remove the dependency array  react-hooks/exhaustive-deps

Search for the keywords to learn more about each warning.
To ignore, add // eslint-disable-next-line to the line before.

WARNING in [eslint] 
src/components/DeckBrowser.tsx
  Line 12:3:  'Play' is defined but never used    @typescript-eslint/no-unused-vars
  Line 13:3:  'Edit' is defined but never used    @typescript-eslint/no-unused-vars
  Line 14:3:  'Trash2' is defined but never used  @typescript-eslint/no-unused-vars

src/components/FileSystemPathManager.tsx
  Line 177:9:  'handleDeletePath' is assigned a value but never used  @typescript-eslint/no-unused-vars
  Line 188:9:  'handlePathSelect' is assigned a value but never used  @typescript-eslint/no-unused-vars

src/components/FlashcardPlayer.tsx
  Line 2:29:   'CardHeader' is defined but never used                      @typescript-eslint/no-unused-vars
  Line 2:41:   'CardTitle' is defined but never used                       @typescript-eslint/no-unused-vars
  Line 7:3:    'RotateCcw' is defined but never used                       @typescript-eslint/no-unused-vars
  Line 10:3:   'Star' is defined but never used                            @typescript-eslint/no-unused-vars
  Line 11:3:   'Play' is defined but never used                            @typescript-eslint/no-unused-vars
  Line 13:3:   'BarChart3' is defined but never used                       @typescript-eslint/no-unused-vars
  Line 14:3:   'Clock' is defined but never used                           @typescript-eslint/no-unused-vars
  Line 66:10:  'reviewQuality' is assigned a value but never used          @typescript-eslint/no-unused-vars
  Line 67:10:  'isReviewing' is assigned a value but never used            @typescript-eslint/no-unused-vars
  Line 95:9:   'isFirstCard' is assigned a value but never used            @typescript-eslint/no-unused-vars
  Line 149:9:  'flipCard' is assigned a value but never used               @typescript-eslint/no-unused-vars
  Line 153:9:  'handleQualitySelect' is assigned a value but never used    @typescript-eslint/no-unused-vars
  Line 185:9:  'resetSession' is assigned a value but never used           @typescript-eslint/no-unused-vars
  Line 197:9:  'getProgressPercentage' is assigned a value but never used  @typescript-eslint/no-unused-vars
  Line 202:9:  'getLevelColor' is assigned a value but never used          @typescript-eslint/no-unused-vars
  Line 214:9:  'getLevelText' is assigned a value but never used           @typescript-eslint/no-unused-vars

src/components/FolderAssignmentSelector.tsx
  Line 10:3:   'ListItem' is defined but never used                                                                                     @typescript-eslint/no-unused-vars
  Line 11:3:   'ListItemText' is defined but never used                                                                                 @typescript-eslint/no-unused-vars
  Line 12:3:   'ListItemIcon' is defined but never used                                                                                 @typescript-eslint/no-unused-vars
  Line 16:3:   'Divider' is defined but never used                                                                                      @typescript-eslint/no-unused-vars
  Line 24:18:  'FileIcon' is defined but never used                                                                                     @typescript-eslint/no-unused-vars
  Line 26:13:  'RemoveIcon' is defined but never used                                                                                   @typescript-eslint/no-unused-vars
  Line 80:6:   React Hook useEffect has a missing dependency: 'fetchAssignedFolders'. Either include it or remove the dependency array  react-hooks/exhaustive-deps

src/components/GradesModal.tsx
  Line 21:3:   'Card' is defined but never used                                                                                                                   @typescript-eslint/no-unused-vars
  Line 22:3:   'CardContent' is defined but never used                                                                                                            @typescript-eslint/no-unused-vars
  Line 132:6:  React Hook useCallback has missing dependencies: 'loadExistingGrades' and 'parseSchemaString'. Either include them or remove the dependency array  react-hooks/exhaustive-deps
  Line 436:9:  'formatGrade' is assigned a value but never used                                                                                                   @typescript-eslint/no-unused-vars
  Line 445:9:  'convertGermanGradeTextToNumber' is assigned a value but never used                                                                                @typescript-eslint/no-unused-vars
  Line 607:9:  'collectAllGrades' is assigned a value but never used                                                                                              @typescript-eslint/no-unused-vars

src/components/GradingSchemaManager.tsx
  Line 54:6:  React Hook useEffect has a missing dependency: 'fetchSchemas'. Either include it or remove the dependency array  react-hooks/exhaustive-deps

src/components/LessonContentDialog.tsx
  Line 326:6:  React Hook useEffect has missing dependencies: 'fetchLessonMaterials' and 'fetchLessonQuiz'. Either include them or remove the dependency array  react-hooks/exhaustive-deps

src/components/MaterialCreator.tsx
  Line 26:3:   'FormHelperText' is defined but never used                                                                           @typescript-eslint/no-unused-vars
  Line 37:13:  'FolderIcon' is defined but never used                                                                               @typescript-eslint/no-unused-vars
  Line 41:16:  'PlayIcon' is defined but never used                                                                                 @typescript-eslint/no-unused-vars
  Line 59:11:  'FileInfo' is defined but never used                                                                                 @typescript-eslint/no-unused-vars
  Line 159:9:  'handleMaterialDialogOpen' is assigned a value but never used                                                        @typescript-eslint/no-unused-vars
  Line 246:6:  React Hook useEffect has a missing dependency: 'loadGradeSchemas'. Either include it or remove the dependency array  react-hooks/exhaustive-deps
  Line 293:9:  'handleQuizDialogOpen' is assigned a value but never used                                                            @typescript-eslint/no-unused-vars
  Line 582:9:  'queryClient' is assigned a value but never used                                                                     @typescript-eslint/no-unused-vars

src/components/ProgressTracker.tsx
  Line 1:27:  'useEffect' is defined but never used    @typescript-eslint/no-unused-vars
  Line 7:3:   'Calendar' is defined but never used     @typescript-eslint/no-unused-vars
  Line 10:3:  'CheckCircle' is defined but never used  @typescript-eslint/no-unused-vars
  Line 11:3:  'XCircle' is defined but never used      @typescript-eslint/no-unused-vars

src/components/QuizAssignmentDialog.tsx
  Line 58:6:  React Hook useEffect has a missing dependency: 'fetchAvailableQuizzes'. Either include it or remove the dependency array  react-hooks/exhaustive-deps

src/components/QuizParticipationPlayer.tsx
  Line 123:6:   React Hook useEffect has missing dependencies: 'loadQuizData' and 'loadResults'. Either include them or remove the dependency array  react-hooks/exhaustive-deps
  Line 211:15:  'basePercentage' is assigned a value but never used                                                                                  @typescript-eslint/no-unused-vars
  Line 288:6:   React Hook useEffect has a missing dependency: 'finishQuiz'. Either include it or remove the dependency array                        react-hooks/exhaustive-deps

src/components/QuizPlayer.tsx
  Line 101:6:   React Hook useEffect has a missing dependency: 'finishQuiz'. Either include it or remove the dependency array  react-hooks/exhaustive-deps
  Line 154:11:  'baseScore' is assigned a value but never used                                                                 @typescript-eslint/no-unused-vars

src/components/QuizSessionManager.tsx
  Line 24:13:   'CancelIcon' is defined but never used                                                                                      @typescript-eslint/no-unused-vars
  Line 101:10:  'sessions' is assigned a value but never used                                                                               @typescript-eslint/no-unused-vars
  Line 101:20:  'setSessions' is assigned a value but never used                                                                            @typescript-eslint/no-unused-vars
  Line 158:6:   React Hook useEffect has a missing dependency: 'fetchQuizData'. Either include it or remove the dependency array            react-hooks/exhaustive-deps
  Line 165:6:   React Hook useEffect has a missing dependency: 'fetchLastSessionResults'. Either include it or remove the dependency array  react-hooks/exhaustive-deps
  Line 172:6:   React Hook useEffect has a missing dependency: 'fetchActiveSession'. Either include it or remove the dependency array       react-hooks/exhaustive-deps
  Line 297:15:  'results' is assigned a value but never used                                                                                @typescript-eslint/no-unused-vars
  Line 324:15:  'stats' is assigned a value but never used                                                                                  @typescript-eslint/no-unused-vars

src/components/QuizStartButton.tsx
  Line 27:10:  'quizTitle' is assigned a value but never used                                                                 @typescript-eslint/no-unused-vars
  Line 155:6:  React Hook useEffect has a missing dependency: 'quizStatus'. Either include it or remove the dependency array  react-hooks/exhaustive-deps
  Line 291:9:  'getButtonVariant' is assigned a value but never used                                                          @typescript-eslint/no-unused-vars
  Line 300:9:  'getButtonColor' is assigned a value but never used                                                            @typescript-eslint/no-unused-vars

src/components/QuizStatisticsModal.tsx
  Line 14:3:   'Divider' is defined but never used           @typescript-eslint/no-unused-vars
  Line 18:17:  'TrendingUpIcon' is defined but never used    @typescript-eslint/no-unused-vars
  Line 19:19:  'TrendingDownIcon' is defined but never used  @typescript-eslint/no-unused-vars
  Line 20:18:  'CheckIcon' is defined but never used         @typescript-eslint/no-unused-vars
  Line 21:13:  'CancelIcon' is defined but never used        @typescript-eslint/no-unused-vars

src/components/StudentDashboard.tsx
  Line 16:13:   'SchoolIcon' is defined but never used                                                                                                                           @typescript-eslint/no-unused-vars
  Line 141:10:  'expandedAssignedFolders' is assigned a value but never used                                                                                                     @typescript-eslint/no-unused-vars
  Line 340:9:   'toggleAssignedFolderExpanded' is assigned a value but never used                                                                                                @typescript-eslint/no-unused-vars
  Line 1769:6:  React Hook useEffect has missing dependencies: 'fetchAllContent', 'fetchAssignedFolders', and 'fetchGrades'. Either include them or remove the dependency array  react-hooks/exhaustive-deps

src/components/SubjectManager.tsx
  Line 2:35:    'Card' is defined but never used                                                                                                                 @typescript-eslint/no-unused-vars
  Line 2:41:    'CardContent' is defined but never used                                                                                                          @typescript-eslint/no-unused-vars
  Line 3:17:    'AddIcon' is defined but never used                                                                                                              @typescript-eslint/no-unused-vars
  Line 3:34:    'EditIcon' is defined but never used                                                                                                             @typescript-eslint/no-unused-vars
  Line 3:54:    'DeleteIcon' is defined but never used                                                                                                           @typescript-eslint/no-unused-vars
  Line 3:77:    'StorageIcon' is defined but never used                                                                                                          @typescript-eslint/no-unused-vars
  Line 3:172:   'CloseIcon' is defined but never used                                                                                                            @typescript-eslint/no-unused-vars
  Line 886:6:   React Hook useEffect has missing dependencies: 'fetchLessonMaterials' and 'fetchLessonQuiz'. Either include them or remove the dependency array  react-hooks/exhaustive-deps
  Line 1122:9:  'colors' is assigned a value but never used                                                                                                      @typescript-eslint/no-unused-vars
  Line 1202:6:  React Hook useEffect has a missing dependency: 'fetchSubjects'. Either include it or remove the dependency array                                 react-hooks/exhaustive-deps
  Line 1211:6:  React Hook useEffect has missing dependencies: 'blocks' and 'fetchBlocks'. Either include them or remove the dependency array                    react-hooks/exhaustive-deps
  Line 1220:6:  React Hook useEffect has missing dependencies: 'fetchUnits' and 'units'. Either include them or remove the dependency array                      react-hooks/exhaustive-deps
  Line 1229:6:  React Hook useEffect has missing dependencies: 'fetchTopics' and 'topics'. Either include them or remove the dependency array                    react-hooks/exhaustive-deps
  Line 1238:6:  React Hook useEffect has missing dependencies: 'fetchLessons' and 'lessons'. Either include them or remove the dependency array                  react-hooks/exhaustive-deps
  Line 1613:9:  'refreshAllData' is assigned a value but never used                                                                                              @typescript-eslint/no-unused-vars

src/components/TeacherDashboard.tsx
  Line 1:46:    'useMemo' is defined but never used                                                                                                                                                                                                                                   @typescript-eslint/no-unused-vars
  Line 50:14:   'RefreshIcon' is defined but never used                                                                                                                                                                                                                               @typescript-eslint/no-unused-vars
  Line 53:3:    'Edit' is defined but never used                                                                                                                                                                                                                                      @typescript-eslint/no-unused-vars
  Line 56:3:    'Description' is defined but never used                                                                                                                                                                                                                               @typescript-eslint/no-unused-vars
  Line 57:3:    'Public' is defined but never used                                                                                                                                                                                                                                    @typescript-eslint/no-unused-vars
  Line 58:3:    'Lock' is defined but never used                                                                                                                                                                                                                                      @typescript-eslint/no-unused-vars
  Line 224:6:   React Hook useEffect has an unnecessary dependency: 'materialCreatorRef.current'. Either exclude it or remove the dependency array. Mutable values like 'materialCreatorRef.current' aren't valid dependencies because mutating them doesn't re-render the component  react-hooks/exhaustive-deps
  Line 308:10:  'expandedAssignedFolders' is assigned a value but never used                                                                                                                                                                                                          @typescript-eslint/no-unused-vars
  Line 331:6:   React Hook useEffect has a missing dependency: 'fetchGroups'. Either include it or remove the dependency array                                                                                                                                                        react-hooks/exhaustive-deps
  Line 547:6:   React Hook useEffect has a missing dependency: 'fetchFlashcardDecks'. Either include it or remove the dependency array                                                                                                                                                react-hooks/exhaustive-deps
  Line 554:6:   React Hook useEffect has missing dependencies: 'fetchFlashcardAssignments' and 'flashcardDecks'. Either include them or remove the dependency array                                                                                                                   react-hooks/exhaustive-deps
  Line 559:6:   React Hook useEffect has a missing dependency: 'fetchGroups'. Either include it or remove the dependency array                                                                                                                                                        react-hooks/exhaustive-deps
  Line 566:6:   React Hook useEffect has a missing dependency: 'fetchFlashcardAssignments'. Either include it or remove the dependency array                                                                                                                                          react-hooks/exhaustive-deps
  Line 647:6:   React Hook useEffect has a missing dependency: 'ensureMiniGrades'. Either include it or remove the dependency array                                                                                                                                                   react-hooks/exhaustive-deps
  Line 753:9:   'toggleAssignedFolderExpanded' is assigned a value but never used                                                                                                                                                                                                     @typescript-eslint/no-unused-vars
  Line 1913:9:  'handleGroupClick' is assigned a value but never used                                                                                                                                                                                                                 @typescript-eslint/no-unused-vars
  Line 2091:9:  'groupLeavesBySecondLevel' is assigned a value but never used                                                                                                                                                                                                         @typescript-eslint/no-unused-vars
  Line 2096:9:  'shouldHideRoot' is assigned a value but never used                                                                                                                                                                                                                   @typescript-eslint/no-unused-vars
  Line 2102:9:  'sortNodesByPriority' is assigned a value but never used                                                                                                                                                                                                              @typescript-eslint/no-unused-vars
  Line 2216:9:  'handleStudentMenuOpen' is assigned a value but never used                                                                                                                                                                                                            @typescript-eslint/no-unused-vars
  Line 2266:9:  'testMaterialCreatorRef' is assigned a value but never used                                                                                                                                                                                                           @typescript-eslint/no-unused-vars
  Line 2514:6:  React Hook useEffect has a missing dependency: 'checkAllQuizStatuses'. Either include it or remove the dependency array                                                                                                                                               react-hooks/exhaustive-deps
  Line 2554:9:  'handleCreateDeck' is assigned a value but never used                                                                                                                                                                                                                 @typescript-eslint/no-unused-vars
  Line 2669:9:  'handleViewCards' is assigned a value but never used                                                                                                                                                                                                                  @typescript-eslint/no-unused-vars
  Line 2731:9:  'refreshDeckCards' is assigned a value but never used                                                                                                                                                                                                                 @typescript-eslint/no-unused-vars
  Line 3046:9:  'handleDeleteCard' is assigned a value but never used                                                                                                                                                                                                                 @typescript-eslint/no-unused-vars

src/components/game/BottomNavigation.tsx
  Line 39:6:  React Hook useEffect has a missing dependency: 'tabs'. Either include it or remove the dependency array  react-hooks/exhaustive-deps

src/components/game/MapContainer.tsx
  Line 1:10:  'useState' is defined but never used   @typescript-eslint/no-unused-vars
  Line 1:28:  'useEffect' is defined but never used  @typescript-eslint/no-unused-vars

src/components/game/TopicSelector.tsx
  Line 3:10:  'Card' is defined but never used             @typescript-eslint/no-unused-vars
  Line 3:16:  'CardContent' is defined but never used      @typescript-eslint/no-unused-vars
  Line 3:29:  'CardDescription' is defined but never used  @typescript-eslint/no-unused-vars
  Line 3:46:  'CardHeader' is defined but never used       @typescript-eslint/no-unused-vars
  Line 3:58:  'CardTitle' is defined but never used        @typescript-eslint/no-unused-vars
  Line 7:10:  'Tabs' is defined but never used             @typescript-eslint/no-unused-vars
  Line 7:16:  'TabsContent' is defined but never used      @typescript-eslint/no-unused-vars
  Line 7:29:  'TabsList' is defined but never used         @typescript-eslint/no-unused-vars
  Line 7:39:  'TabsTrigger' is defined but never used      @typescript-eslint/no-unused-vars
  Line 12:3:  'Shield' is defined but never used           @typescript-eslint/no-unused-vars

src/components/ui/card.tsx
  Line 32:3:  Headings must have content and the content must be accessible by a screen reader  jsx-a11y/heading-has-content

src/pages/FlashcardPage.tsx
  Line 97:10:  'isCreating' is assigned a value but never used           @typescript-eslint/no-unused-vars
  Line 276:9:  'handleStartPractice' is assigned a value but never used  @typescript-eslint/no-unused-vars
  Line 282:9:  'handleStartReview' is assigned a value but never used    @typescript-eslint/no-unused-vars

src/pages/GeoCodingQuest.tsx
  Line 61:9:   'navigate' is assigned a value but never used                                                                              @typescript-eslint/no-unused-vars
  Line 185:6:  React Hook useEffect has a missing dependency: 'updatePositionMutation'. Either include it or remove the dependency array  react-hooks/exhaustive-deps

src/pages/LearningGroupPage.tsx
  Line 8:3:    'Paper' is defined but never used                                                                                                              @typescript-eslint/no-unused-vars
  Line 125:6:  React Hook useEffect has missing dependencies: 'fetchAssignments' and 'fetchGroupDetails'. Either include them or remove the dependency array  react-hooks/exhaustive-deps

webpack compiled with 1 warning
Files successfully emitted, waiting for typecheck results...
Issues checking in progress...
No issues found.
Proxy error: Could not proxy request /api/auth/login from localhost:3003 to http://localhost:3002.
See https://nodejs.org/api/errors.html#errors_common_system_errors for more information (ECONNREFUSED).

